company_name,company_description,sales_markets,primary_business_activity,categories,events,address,email,telephone,website,profile_url,company_id
Arla Foods Ingredients,"Together we discover and deliver powerful nutrition for a stronger tomorrow Arla Foods Ingredients is a global leader in improving premium nutrition. Together with our customers, research partners, suppliers, NGOs and others, we discover and deliver ingredients and products that can advance lifelong nutrition for the benefit of consumers around the world.A passion for progress, combined with specialist knowledge of food products and production technology, and a strong commitment to sustainability, enables us to serve leading global brands in early life nutrition, medical nutrition, sports nutrition, health foods, and other foods and beverages.Arla Foods Ingredients is a 100% owned subsidiary of the dairy company Arla Foods.",Africa; Asia; Australia; Central/South America; Eastern Europe; Middle East; North America; Western Europe,Manufacturer: Ingredients / Additives,Dairy; Functional beverages; Functional food,17nov2026 - 17 - nov - 2026 - 17-19 November 2026 - Messe Frankfurt - Visit us at stand 30J94,"Sønderhøj 10-12, 8260 J, Viby, DK",ingredients@arlafoods.com,+45 89 38 10 00,https://www.arlafoodsingredients.com,https://www.ingredientsnetwork.com/arla-foods-ingredients-comp248870.html,248870
Sabinsa Europe GmbH,"Sabinsa, founded in 1988, is a manufacturer, supplier and marketer of over 130 herbal and botanical extracts, biotics, minerals, and specialty fine chemicals for the dietary supplement, functional food and beverage, personal care, and cosmetics industries.",Eastern Europe; Western Europe,Manufacturer: Ingredients / Additives,"Acai; Algae, Botanicals, Carotenoids, Flavonoids; Alpha-lipoic acid","18may2027 - 18 - may - 2027 - 18-20 May 2027 - Fira Barcelona Gran Via, Av. Joan Carles I, 64, 08908 L'Hospitalet de Llobregat, Barcelona, Spain - Visit us at stand 2D195","Monzastrasse 4, 63225, Langen, DE",info@sabinsa.eu,+49 6103 27011 11,https://www.sabinsa.eu,https://www.ingredientsnetwork.com/sabinsa-europe-gmbh-comp249672.html,249672
Cosun Ingredients,"Cosun Ingredients offers a broad portfolio of plant-based ingredient solutions, including Sensus® chicory root fiber, Tendra® fava bean protein and Fidesse® beet fiber. Combining expertise in fibers & prebiotics, proteins and texturants, we help food and beverage brands and manufacturers develop products that deliver on nutrition, taste, texture and sustainability. Through ingredient innovation, application expertise and scientific insights, we support the creation of future-fit food solutions that meet evolving consumer needs. <!--eventid544:Sensus--> <!--eventid598:Sensus-->",Asia; Central/South America; North America; Western Europe,Manufacturer: Ingredients / Additives,"Emulsifiers, Stabilisers, Thickeners; Inulin; Other Dietary Fibres",17nov2026 - 17 - nov - 2026 - 17-19 November 2026 - Messe Frankfurt - Visit us at stand 31D46,"Kreekweg 1, 4671 VA, Dinteloord, NL",info@cosuningredients.com,+31 165 582 500,https://www.cosuningredients.com,https://www.ingredientsnetwork.com/cosun-ingredients-comp316951.html,316951
PB Leiner,"With 150 years of expertise, PB Leiner is one of the world’s leading manufacturers of high-quality gelatins and collagen peptides solutions. It has manufacturing plants situated on four continents and it provides technical and sales support across the globe. PB Leiner supplies a growing market in food & beverages, health & nutrition, pharmaceutical and technical applications.&nbsp; Gelatin and collagen: versatile health ingredients &nbsp;PB Leiner’s product portfolio includes a wide range of gelatin and collagen peptide formulations from bovine, porcine, and fish origin. All of PB Leiner’s ingredients are 100% natural and guarantee excellent traceability.&nbsp; PB Leiner is part of Tessenderlo Group.",Africa; Asia; Australia; Central/South America; Eastern Europe; Middle East; North America; Western Europe,Raw Material Supplier,Bioactive Compounds - Other; Bioactives Other; Casein,17nov2026 - 17 - nov - 2026 - 17-19 November 2026 - Messe Frankfurt - Visit us at stand 30F20,"Marius Duchéstraat 260, 1800, Vilvoorde, BE",info@pbleiner.com,+ 32 2 255 62 21,https://www.pbleiner.com,https://www.ingredientsnetwork.com/pb-leiner-comp249172.html,249172
Essentia Protein Solutions (BHJ A/S),"Whether you are looking to clean up your label, add appealing attributes to your food or beverage product or improve the nutritional value of your brand, Essentia Protein Solutions can help you reach your goals. Essentia Protein Solutions is a global producer of animal protein solutions for the food and beverage industry. All Essentia ingredients are derived from natural raw materials originating from beef, pork, chicken, turkey, lamb and fish. The advanced fractionation methods used in our modern facilities only involve thermal and mechanical processing, without using food additives of any kind. Ingredients from Essentia Protein Solutions fall into three core categories:&nbsp;FunctionalityTasteNutritionEssentia Protein Solutions offers a wide variety of value to many different consumer product categories. From a unique range of meat, skin, bone and blood raw materials, we extract ingredients that bring the very best of nature directly into your formulation. What we produce are&nbsp;real food ingredients&nbsp;that consumers recognize and understand. We do not add anything, and we supply you with a clean label ingredient. <!--eventid544:Essentia Protein Solutions--> <!--eventid598:Essentia Protein Solutions--> <!--eventid629:Essentia Protein Solutions-->",Africa; Asia; Australia; Central/South America; Eastern Europe; Middle East; Western Europe,Manufacturer: Ingredients / Additives,Amino acids; Beef fat; Beef protein,17nov2026 - 17 - nov - 2026 - 17-19 November 2026 - Messe Frankfurt - Visit us at stand 31C6,"Ulsnaes 33, DK-6300, Graasten, DK",contact.dk@essentiaproteins.com,+45 2894 2736,https://essentiaproteins.com/,https://www.ingredientsnetwork.com/essentia-protein-solutions-bhj-a-s-comp250349.html,250349
PharmaLinea Ltd,"PharmaLinea develops and manufactures clinically supported private label food supplements, fit for best-quality brands. Our portfolio of premium turnkey nutraceutical products covers therapeutic areas including iron deficiency, women’s health, bones & joints, hydration, and more, across formats such as capsules, tablets, liquids, and powders. With over 10 published clinical studies on our finished products, multiple proprietary branded ingredients and technologies, and awarded taste, PharmaLinea products provide differentiation for client brands and added value for their consumers. Manufacturing in the EU across two state-of-the-art facilities, PharmaLinea ensures the highest quality in every product. We are part of the Informa Advisory Board and recipients of multiple international recognitions, including Forbes and NutraIngredients Awards. PharmaLinea’s mission is to empower our clients with premium, clinically substantiated nutraceuticals and comprehensive support - from registration and science to marketing - ensuring lasting brand success. <!--eventid544:PHARMALINEA LTD--> <!--eventid641:PharmaLinea Ltd.-->",Africa; Asia; Central/South America; Eastern Europe; Middle East; North America; Western Europe,Contract Manufacturer,"Glucose; Ingredient Mixtures, Synbiotics; Iron","18may2027 - 18 - may - 2027 - 18-20 May 2027 - Fira Barcelona Gran Via, Av. Joan Carles I, 64, 08908 L'Hospitalet de Llobregat, Barcelona, Spain - Visit us at stand 3C115","Cesta v Mestni log 88a, SI-1000, Ljubljana,, SI",info@pharmalinea.com,+31 20 708 1700,https://pharmalinea.com/,https://www.ingredientsnetwork.com/pharmalinea-ltd-comp307554.html,307554
Nektium,"Nektium is a Spain-based nutraceutical company that combines ethnobotanical knowledge, science, and market insights to create innovative plant-based solutions, promoting sustainable & healthy living worldwide. Our product portfolio covers a range of health benefits, with a particular focus on cognition, stress & relax, sports & active nutrition as well as weight management. With a deep understanding of botanicals and state-of-the-art and eco-friendly technology, Nektium focuses with an experience of over 25 years on quality and full transparency along the entire value chain to deliver proven solutions to the market in the shape of safe, environmentally-conscious and evidence-based botanical extracts. <!--eventid544:Nektium Pharma--> <!--eventid598:Nektium Pharma-->",Asia; Australia; North America; Western Europe,Manufacturer: Ingredients / Additives,Ashwagandha; Bioactive Compounds - Other; Bioactives Other,"18may2027 - 18 - may - 2027 - 18-20 May 2027 - Fira Barcelona Gran Via, Av. Joan Carles I, 64, 08908 L'Hospitalet de Llobregat, Barcelona, Spain - Visit us at stand 3D251","C/ Las Mimosas 8 Pol. Industrial Arinaga, 35118, Aguimes - Gran Canaria, ES",customerservice@nektium.com,+34 928 734 132,https://www.nektium.com,https://www.ingredientsnetwork.com/nektium-comp272807.html,272807
Lactosan A/S,"Just add Lactosan&nbsp; Lactosan is the key ingredient you need for success. Not only do our specialists provide a vital contribution to your development process,&nbsp; but the&nbsp;exceptional Cheese Powders we create ensure a truly distinctive result. With Lactosan, you have the people, passion and process you need to bring your next product to life.&nbsp; A perfect fit&nbsp; As your partner, we can work closely with you across all segments to help inspire and streamline the delivery of new product ideas.&nbsp; Our pure Cheese Powders and Cheese Powder Blends deliver outstanding real cheese taste and quality, with the right functionality and properties to fit your specific flavour profiles, processing and labelling requirements.&nbsp; Lactosan brings a unique depth&nbsp;of insight and a proven approach to every project, with a fast and flexible service from development to delivery.&nbsp; Manufacture and sale of: Pure Cheese Products: Cheese Powders: Cheese Powder without emulsifying salt (Clean Labels) and Cheese Powder with emulsifying salt, Traditional / PDO / Provenance Cheese Powders, Vegetarian and Organic Cheese PowdersLactosan NCB - Natural Culinary Booster®Cheese Powder BlendsLactosan offers extensive product and application knowledge, tailor-made solutions, taste and innovation of novelty products and applications. Few natural ingredients offer a more unique combination of taste, functionality and convenience than Lactosan Cheese Powders to bring your next product to life. See:&nbsp;https://www.lactosan.com/ - Trade Mark: LACTOSAN",Africa; Asia; Central/South America; Eastern Europe; Middle East; Western Europe,Manufacturer: Ingredients / Additives,"Cheese - cow; Cow Dairy Ingredients; Emulsifiers, Stabilisers, Thickeners",17nov2026 - 17 - nov - 2026 - 17-19 November 2026 - Messe Frankfurt - Visit us at stand 41G6,"Nordbakken 2, DK-5750, Ringe, DK",lactosan@lactosan.com,+45 63620520,https://www.lactosan.dk,https://www.ingredientsnetwork.com/lactosan-a-s-comp249086.html,249086
KSM-66 Ashwagandha,"KSM-66® Ashwagandha is a premium, full-spectrum root extract derived from Withania somnifera, an adaptogenic herb long revered in Ayurvedic medicine for promoting holistic wellness. This potent botanical ingredient is developed using a unique, proprietary extraction process based on “Green Chemistry” principles—free from alcohol or synthetic solvents—ensuring the preservation of the plant's natural composition while delivering the highest potency. With over 70+ gold-standard human clinical trials and 46+ quality certifications, KSM-66 stands as the most extensively studied and awarded Ashwagandha product on the global market. This extraordinary depth of research and validation is what truly sets it apart. It is not just another botanical extract—it is a symbol of credibility, traceability, efficacy, and safety. &nbsp;It's clinically proven to help: (1) Reduce stress and stress-related food cravings * (2) Improve cognitive function and enhance the quality of sleep* (3) Improve endurance, strength and immune function* (4) Enhance sexual performance health in both men &amp; women, and testosterone in men* SRI-81 Shatavari is a premium, clinically validated root extract derived from Asparagus racemosus, a revered adaptogenic herb in Ayurvedic medicine traditionally known as the “Queen of Herbs” for women’s health. Developed after 8 years of extensive research, SRI-81 is designed to deliver a scientifically optimized concentration of shatavari’s key bioactive compounds, ensuring consistent efficacy while preserving the herb’s natural integrity. The ingredient is supported by 18 human clinical studies, making it the most clinically studied shatavari root extract available today. This strong scientific foundation ensures reliability, safety, and performance for advanced nutraceutical and functional wellness formulations. SRI-81 Shatavari supports women’s health and vitality across multiple life stages—from reproductive years to menopause—by helping maintain hormonal harmony and overall physiological balance. It is clinically shown to help: (1) Support hormonal balance and reproductive health in women*(2) Reduce stress and improve mood and sleep quality*&nbsp;(3) Enhance libido and sexual vitality*(4) Boost lactation and support postpartum recovery*&nbsp;(5) Ease menopausal symptoms such as hot flashes and night sweats**The above statements have not been evaluated by the Food and Drug Administration.&nbsp; <!--eventid564:KSM-66 ASHWAGANDHA--> <!--eventid598:KSM-66 Ashwagandha and SRI-81 Shatavari-->",Africa; Asia; Australia; Central/South America; Eastern Europe; Middle East; North America; Western Europe,Manufacturer: Ingredients / Additives,Ashwagandha; Botanicals; Other Botanicals,"5may2026 - 5 - may - 2026 - 05 - 07 May 2026 - Fira Barcelona Gran Via, Av. Joan Carles I, 64, 08908 L'Hospitalet de Llobregat, Barcelona, Spain - We were at stand 3F56","Plot No-1057-F2, Road No 45Jubilee Hills, 500033, Hyderabad, IN",info@ixoreal.com,+91-40 666 11038,https://www.ixoreal.com,https://www.ingredientsnetwork.com/ksm-66-ashwagandha-comp249548.html,249548
Jungbunzlauer,"Jungbunzlauer is a leading producer of high-quality, sustainable ingredients from natural sources, serving industries from food and beverage, to nutrition, health, and home and personal care. As a trusted partner, we offer a diverse portfolio of texturants, acidulants, minerals, and tailored solutions to meet our customers' evolving needs. Headquartered in Basel, Switzerland, with state-of-the-art facilities including large-scale fermentation operations across Europe and North America, we proudly serve over 130 countries worldwide. Founded more than 150 years ago, Jungbunzlauer has grown into a CHF 1.3 billion company, driven by nearly 1,400 dedicated colleagues committed to a healthier, more sustainable future.&nbsp;Learn more at www.jungbunzlauer.com. <!--eventid598:Jungbunzlauer International AG--> <!--eventid629:Jungbunzlauer International AG-->",Africa; Asia; Australia; Central/South America; Eastern Europe; Middle East; North America; Western Europe,Manufacturer: Ingredients / Additives,Alginic acid - alginates; Calcium citrate; Calcium gluconate,17nov2026 - 17 - nov - 2026 - 17-19 November 2026 - Messe Frankfurt - Visit us at stand 51D8,"Aeschengraben 27, 4051, Basel, CH",headquarters@jungbunzlauer.com,+41 61 2955 100,https://www.jungbunzlauer.com,https://www.ingredientsnetwork.com/jungbunzlauer-comp249077.html,249077
ROUSSELOT,"Rousselot is the global leader of collagen-based solutions* for the food, health and nutrition, biomedical and pharmaceutical sectors. Working in partnership with our global customer-base, we deliver advanced ingredient solutions that enable innovation, excite today’s consumers, and contribute to public health. Through our state-of-the-art operations, extensive technical expertise and sustained scientific research, we help our customers achieve their goals, create world-class products, and we “Reach further together”. Rousselot is Darling Ingredients' health brand. (*) Collagen, Market estimates and trend analysis, 2022 Grand View Research. <!--eventid564:Rousselot-->",Africa; Asia; Australia; Central/South America; Eastern Europe; Middle East; North America; Western Europe,Manufacturer: Ingredients / Additives,Casein; Collagen - Bovine; Collagen - Fish & Shellfish,"17sep2025 - 17 - sep - 2025 - 17 - 19 Sept 2025 - Bangkok, Thailand - We were at stand P29","Immeuble 5eme Avenue, 47 rue Louis Blanc, 92400, Courbevoie, FR",collagen@rousselot.com,+31 499 364 100,https://www.rousselot.com,https://www.ingredientsnetwork.com/rousselot-comp251339.html,251339
Bunge,"At Bunge, we bring products from where they’re grown to where they’re processed and to where they’re consumed.&nbsp; We connect farmers to consumers to deliver essential food, feed and fuel to the world.&nbsp; We provide indispensable ingredients that shape taste, nutrition and culinary experience. Our plant-based specialty oils, fats, lecithins and plant-proteins meet evolving dietary needs and trends, delivering the functionality and sustainability the food and nutrition industry demands, and satisfying the diverse tastes of consumers in every part of the world. Our products are used in a wide range of applications, from bakery and confectionery to plant-based and infant nutrition. With in-depth knowledge of ingredients, applications and processes, our team closely cooperates with customers to develop tailored solutions and create innovative products to meet their business goals and differentiate them in in the marketplace.",Africa; Asia; Australia; Central/South America; Eastern Europe; Middle East; North America; Western Europe,Manufacturer: Ingredients / Additives,Canola oil; Cocoa; Coconut oil,17nov2026 - 17 - nov - 2026 - 17-19 November 2026 - Messe Frankfurt - Visit us at stand 31H6,"Provincialeweg 33, 1506 MA, Zaandam, NL",blc.eu@bunge.com,+31 75 629 29 11,https://www.bunge.com,https://www.ingredientsnetwork.com/bunge-comp249080.html,249080
AGRANA Group,"ABOUT AGRANA AGRANA adds value to agricultural raw materials: As a major international player, we process agricultural raw materials to create high-end solutions for food products, beverages and industrial applications. Around 8,400 employees working in its two business areas, Food &amp; Beverage Solutions and Agricultural Commodities &amp; Specialities, generate annual Group revenue of approximately € 3.2 billion at 50 production facilities worldwide. Founded in 1988, AGRANA is today the global market leader in fruit preparations, a leading global producer of apple and berry juice concentrates and a major supplier of sugar, customer-specific starch products and bioethanol. &nbsp; ÜBER AGRANA AGRANA macht mehr aus landwirtschaftlichen Rohstoffen: Als internationales Unternehmen veredeln wir landwirtschaftliche Rohstoffe zu hochwertigen Lösungen für Lebensmittel, Getränke und industrielle Anwendungen. Rund 8.400 Mitarbeiter erwirtschaften in den beiden Geschäftsbereichen Food &amp; Beverage Solutions sowie Agricultural Commodities &amp; Specialities an weltweit 50 Produktionsstandorten einen jährlichen Konzernumsatz von rund 3,2 Mrd. €. Im Jahr 1988 gegründet, ist AGRANA heute Weltmarktführer bei Fruchtzubereitungen, weltweit führender Hersteller von Apfel- und Beerensaftkonzentraten sowie ein bedeutender Anbieter von Zucker, kundenspezifischen Stärkeprodukten und Bioethanol.",Africa; Asia; Australia; Central/South America; Eastern Europe; Middle East; North America; Western Europe,Manufacturer: Food & Beverage Finished Products|Manufacturer: Ingredients / Additives,"Egg replacer; Emulsifiers, Stabilisers, Thickeners; Other Additives",17nov2026 - 17 - nov - 2026 - 17-19 November 2026 - Messe Frankfurt - Visit us at stand 31D80,"Friedrich-Wilhelm-Raiffeisen-Platz 1, 1020, WIEN, AT",info.sales@agrana.com,+43 1 211 37-0,https://www.agrana.com,https://www.ingredientsnetwork.com/agrana-group-comp248836.html,248836
Nigay,"WITH AN EVER-GROWING RANGE OF TASTES, COLOURS AND TEXTURES, NIGAYCARAMELS ARE THE PERFECT FIT FOR EVERY APPLICATIONS! A CARAMEL FOREVERY RECIPENigay is unique in its dedication to the art and science of caramelization which hasmade its name “the expert in caramels” around the world. Discover its comprehensiverange of aromatic caramels, caramel colours, burnt sugars and a growing portfolio ofcaramel specialities!Whether for colour, flavour, texture, or decoration, Nigay has the precise grade to meetyour specifications. Designed to enhance any application, our caramels captivate thesenses and elevate your creations. Nigay is constantly innovating and creating caramelswith endless possibilities.",Africa; Asia; Australia; Central/South America; Eastern Europe; Middle East; North America; Western Europe,Manufacturer: Ingredients / Additives,Additives incl. Flavourings & Colours; Ammonia caramel; Caustic sulphite caramel,17nov2026 - 17 - nov - 2026 - 17-19 November 2026 - Messe Frankfurt - Visit us at stand 31N80,"ZI La Gare BP2, La Feculerie, 42110, Feurs, FR",export@nigay.com,+33 477262133,https://www.nigay.com,https://www.ingredientsnetwork.com/nigay-comp249142.html,249142
Plantex,"Plantex is a French specialist in botanical extraction with over 30 years of expertise in developing natural ingredients for the nutraceutical, food, cosmetic, and animal nutrition industries.&nbsp;As part of the Nactarome , we combine botanical know-how with the strength of a leader in natural ingredient solutions.&nbsp;More than just an extract supplier, Plantex develops tailored botanical solutions. <!--eventid544:Plantex SAS--> <!--eventid611:PLANTEX--> <!--eventid629:Plantex SAS-->",Africa; Asia; Australia; Central/South America; Eastern Europe; Middle East; North America; Western Europe,Manufacturer: Ingredients / Additives,Acai; Acerola; Alpha-lipoic acid,17nov2026 - 17 - nov - 2026 - 17-19 November 2026 - Messe Frankfurt - Visit us at stand 31K46,"ZAC DE LA NOUE ROUSSEAU 6 RUE D'ALEMBERT, 91240, SAINT MICHEL SUR ORGE, FR",info@plantex.fr,+33 160166925,https://www.plantex.fr,https://www.ingredientsnetwork.com/plantex-comp249747.html,249747
JRS,"The J. RETTENMAIER & SÖHNE Group is a globally leading dietary and hydrocolloid manufacturer and solution provider for natural fiber solutions, made from re-growing, natural plant raw materials. JRS Food Ingredients is dedicated to the development and production of novel vegetable based texturizing solutions with high consumer acceptance to respond to the increasing demand for label friendly food ingredients. JRS’s commitment is to help you to improve your product's quality, shelf life, nutritional value, process technology and cost effectiveness, and to provide stimuli, ideas and solutions for innovation such as meat and dairy alternatives, fat and energy reduction and special diets. The comprehensive application and development service supports fast adaption and product introduction. Under the brands “VIVAPUR®&nbsp;Functional Ingredients” and “VITACEL®&nbsp;Dietary Fibers”, JRS provides texturizing and stabilizing solutions and fiber enrichment for modern food industries.&nbsp;",Asia; Australia; Central/South America; Eastern Europe; Middle East; North America; Western Europe,Manufacturer: Ingredients / Additives,"Dietary Fibres, Prebiotics; Egg replacer; Emulsifiers, Stabilisers, Thickeners",17nov2026 - 17 - nov - 2026 - 17-19 November 2026 - Messe Frankfurt - Visit us at stand 31H96,"Holzmuehle 1, 73494, Rosenberg, DE",food@jrs.de,+ 49 7967 152-0,https://www.jrs.de,https://www.ingredientsnetwork.com/jrs-comp250397.html,250397
Akay Bioactives,"Akay Natural Ingredients Private Limited is a global manufacturer and supplier of high-quality natural ingredients for the food, nutraceutical, and health &amp; wellness industries. As part of the Oterra Group, Akay offers a diverse portfolio including spice oleoresins, essential oils, natural colours, botanical extracts, natural antioxidants, curcumin, and functional ingredients. With strong expertise in extraction, formulation, and advanced processing technologies, Akay delivers consistent, traceable, and application-focused solutions to customers worldwide. Our commitment to innovation, quality, sustainability, and customer-centric solutions makes Akay a trusted partner for natural ingredient solutions across global markets. <!--eventid629:Akay Natural Ingredients Private Limited-->",Asia; Australia; Central/South America; Eastern Europe; North America; Western Europe,Manufacturer: Ingredients / Additives,Antioxidants; Ashwagandha; Barberry,17nov2026 - 17 - nov - 2026 - 17-19 November 2026 - Messe Frankfurt - Visit us at stand 31P64,"Malaidamthuruthu P.O., 683561, Ernakulam, Kochi, IN",info@akay-group.com,+91 4842686111,https://www.akay-group.com,https://www.ingredientsnetwork.com/akay-bioactives-comp248842.html,248842
Novonesis,"At Novonesis, we believe solutions rooted in biology are key to tackling the challenges our world faces. Enzymes, functional proteins and microorganisms are our planet's tiniest, yet mightiest agents of change. When we leverage their power with science, we create biosolutions that&nbsp;transform the way we all produce, consume and live. Today, we are 10,000 people worldwide whose expertise spans more than 30 different industries. All around the world, our biosolutions already create value for thousands of customers and benefit the planet. Our biosolutions enable feeding and fueling the world more sustainably, from healthy and sustainable nutrition to biofuel. Our biosolutions also reduce the use of fossil-based resources, chemicals, energy and water. And this is just the beginning. The potential is almost endless.&nbsp;&nbsp; The time for biosolutions is now. And by working closely with our partners and customers, we will continue to challenge conventional thinking and transform business with biology. Together, we will create the change our world needs.",Global / International,Manufacturer: Ingredients / Additives,"Ashwagandha; Bifidobacterium; Fungi & Yeasts, Microorganisms & Probiotics, Mushrooms","18may2027 - 18 - may - 2027 - 18-20 May 2027 - Fira Barcelona Gran Via, Av. Joan Carles I, 64, 08908 L'Hospitalet de Llobregat, Barcelona, Spain - Visit us at stand 2G119","Biologiens Vej 2, 2800, Lyngby, DK",info@novonesis.com,+45 44 46 00 00,https://www.novonesis.com/en/biosolutions/human-health,https://www.ingredientsnetwork.com/novonesis-comp249150.html,249150
CARGILL NV,"More than simply a leading ingredient supplier, Cargill Food is your main source of inspiration and growth, setting new standards for innovating and collaborating. To do this, we’re anticipating future trends and regulations, while investing in our research, innovation, safety, food application, formulation and scaling capabilities. All to help us co-create more effectively with you and accelerate your growth.From texturizers and fats that deliver a delicious mouthfeel and enhanced flavors, healthier oils and plant-based proteins, to low calorie sugars and chocolate that sweeten favorite dishes, you can depend on our insights-led innovation to create nutritious and tasty products that contribute to happier, healthier lives. Discover how we can co-create growth for you! <!--eventid629:Cargill-->",Africa; Eastern Europe; Middle East; Western Europe,Manufacturer: Ingredients / Additives,Additives incl. Flavourings & Colours; Agave syrup; Amino acids,17nov2026 - 17 - nov - 2026 - 17-19 November 2026 - Messe Frankfurt - Visit us at stand 31H80,"Bedrijvenlaan 9, 2800, Mechelen, BE",events@cargill.com,+32 15400411,https://www.cargill.com/food-beverage/emea/food-emea,https://www.ingredientsnetwork.com/cargill-nv-comp248882.html,248882
Mitsubishi Corporation Life Sciences,"MCLS Europe, a wholly owned subsidiary of Mitsubishi Corporation Life Sciences Ltd., Tokyo, Japan, is engaged in the development, manufacturing, marketing, sales, technical service, and import/export of a broad spectrum of food ingredients.&nbsp; Savoury ingredients like Kohjin's specialty yeast extracts and Ribotide®Nutritional active ingredients such as L-137 MCLS Europe&nbsp;offers a unique partnership within the Food & Beverage industry that maintains customer service and satisfaction as our first priority.&nbsp; We provide a variety of food ingredients which enable improved taste, higher quality and healthier benefits. <!--eventid544:Mitsubishi Corporation Life Sciences Europe--> <!--eventid629:MCLS-->",Africa; Eastern Europe; Middle East; Western Europe,Manufacturer: Ingredients / Additives,"Carbohydrates, Sugars; Carrageenan; Cyclodextrins",17nov2026 - 17 - nov - 2026 - 17-19 November 2026 - Messe Frankfurt - Visit us at stand 30H96,"Building C-0A Stroombaan 12 The Garden, 1181vx, Amstelveen, NL",info@mclseurope.com,+31 204260750,https://www.mclseurope.com/,https://www.ingredientsnetwork.com/mitsubishi-corporation-life-sciences-comp267848.html,267848
ImperialOel,"ImperialOel is a know-how-driven, owner-managed ingredient company founded in 1920, based in Hamburg, Germany. We specialize in supplying select natural lipids and specialty ingredients to customers worldwide. Through our MarisOmega brand, we are a leading supplier and contract manufacturer of premium-quality omega-3 and omega-6 ingredients for the global market. We offer a diverse range of products, including natural fish and microalgal-derived triglyceride oils, as well as microencapsulated powders. Our products serve the fields of infant nutrition, functional foods, and specialty supplements. In addition, MarisOmega excels in developing and manufacturing liquid omega-3 supplements for innovative brands.&nbsp;With over 30 years of experience, we are known for our deep product knowledge and exceptional customer support. <!--eventid544:ImperialOel | MarisOmega-->",Eastern Europe; Western Europe,Distributor,Algae; Algae oil; Bioactive Compounds - Other,"18may2027 - 18 - may - 2027 - 18-20 May 2027 - Fira Barcelona Gran Via, Av. Joan Carles I, 64, 08908 L'Hospitalet de Llobregat, Barcelona, Spain - Visit us at stand 3G235E","Bergstrasse 11, 20095, Hamburg, DE",info@imperialoel.com,+31 20 708 1700,https://www.imperial-oel-import.de/homepage.html,https://www.ingredientsnetwork.com/imperialoel-comp325636.html,325636
ProDigest,"ProDigest is a dynamic pre-clinical CRO at the forefront of in vitro and ex vivo simulation of the gastrointestinal tract and its microbiome, supporting innovation across the (functional) food, feed, and pharmaceutical industries. With nearly two decades of experience, ProDigest brings together best-in-class technology platforms, a wide array of advanced analytical capabilities, and deep scientific expertise to guide product development from early discovery all the way to final stages. The company supports a broad range of applications, including functional foods and ingredients, pre-, pro-, syn- and postbiotics, nutraceuticals, as well as live biotherapeutic products (LBPs), biologicals, APIs, and complete formulations. What truly sets ProDigest apart is its tailored approach. With the widest portfolio of gut models, each project is built around the client’s specific research question—ensuring the most relevant model is selected, rather than applying a one-size-fits-all solution. This enables clients to uncover health benefits early on, gain valuable insights into mechanisms of action and interindividual variability, and confidently de-risk their product development—all within an animal-free research framework. Driven by a passionate team, a strong culture of innovation, and a commitment to customer success, ProDigest delivers flexible, high-quality, and scientifically robust solutions designed to move your product forward. <!--eventid641:Prodigest-->",Asia; Australia; Central/South America; Eastern Europe; Middle East; North America; Western Europe,"Food Safety, Quality and Service",Other Microorganisms & Probiotics; Functional food; Nutricosmetics,"18may2027 - 18 - may - 2027 - 18-20 May 2027 - Fira Barcelona Gran Via, Av. Joan Carles I, 64, 08908 L'Hospitalet de Llobregat, Barcelona, Spain - Visit us at stand 3G225A","Technologiepark 3, 9052, Gent, BE",info@prodigest.eu,+31 20 708 1700,https://www.prodigest.eu/,https://www.ingredientsnetwork.com/prodigest-comp307570.html,307570
Food Ingredients Europe,"Join the global F&B ingredients community to discover cutting-edge innovations and breakthrough solutions, forge new partnerships and gain insights to shape the future of food – at Fi Europe, the home of food ingredients.https://www.figlobal.com/europe/en/whats-on/what-to-expect/overview.html <!--eventid629:Fi Europe-->",Africa; Asia; Australia; Central/South America; Eastern Europe; Middle East; North America; Western Europe,Import / Export Services,Adipates - adipic acid; Bioactives Other; Calcium,17nov2026 - 17 - nov - 2026 - 17-19 November 2026 - Messe Frankfurt - Visit us at stand 001,"WTC, Tower 10 – 7th Floor, Strawinskylaan 763, 1077 XX, Amsterdam, NL",ficustomerservice@informa.com,+31(0)20 245 5355,https://www.figlobal.com/fieurope/en/home.html,https://www.ingredientsnetwork.com/food-ingredients-europe-comp307174.html,307174
Azelis Group NV,"Azelis is a leading innovation service provider in the specialty chemicals and food ingredients industry. Azelis does much more than move goods. We move markets forward. Breaking new ground in our technical laboratories by combining ingredients with ideas and creating opportunities through innovation. Being a specialty distributor of chemicals and food ingredients, we’re now a fully integrated and leading innovative service provider. With innovation and collaboration at our heart, we believe anything is possible. Azelis services fifteen specific markets worldwide, bringing high-quality products, technical expertise and local service support to each. Our international team is united in its hunger and humility. Collaborating across 60+ laboratories to be a benchmark for innovation. A focus for ambitious brands. And a catalyst that helps our customers to solve challenges and improve lives.",Global / International,Manufacturer / Supplier: Ingredients,Food & Beverage Ingredients / Additives,17nov2026 - 17 - nov - 2026 - 17-19 November 2026 - Messe Frankfurt - Visit us at stand 31G64,"Posthofbrug 12, 2600, Antwerp, BE",marine.castelain@azelis.com,+32 36130120,https://www.azelis.com,https://www.ingredientsnetwork.com/azelis-group-nv-comp304243.html,304243
Lyckeby Group ek för,"Lyckeby – experts in potato-based starches and fiberWe develop, produce, market, and distribute innovative potato-based specialty starches and fibers for the food and paper industries worldwide. As part of the Lyckeby Group – an economic association with around 500 members in southern Sweden, of which around 350 are farmers – we have strong roots in agriculture. This ensures a stable and high-quality supply of raw materials. Our production is based on renewable raw materials, mainly potatoes. Our deep expertise ensures that our functional starches are perfectly suited to specific industrial needs, including: • Acid-treated E1401• Acetylated E1420• Cross-linked E1412• Acetylated and cross-linked E1414• Acid-treated and acetylated E1420• Oxidized E1404• Cross-linked and hydroxypropylated E1442• Emulsion stabilizing (OSA) E1450• Enzyme treated• Dextrin• Low moisture• Clean label <!--eventid596:Lyckeby-->",Africa; Asia; Australia; Central/South America; Eastern Europe; Middle East; North America; Western Europe,Distributor,Dextrins; Hydroxypropyl starch; Lecithins,17nov2026 - 17 - nov - 2026 - 17-19 November 2026 - Messe Frankfurt - Visit us at stand 41K12,"PO Box 45, 29107, Fjalkinge, SE",josefin.friberg@lyckebygroup.com,+46766242434,https://www.lyckeby.com,https://www.ingredientsnetwork.com/lyckeby-group-ek-for-comp251251.html,251251
1Q Health GMBH,"1Q Health Fast Track to Quality From a product idea to the shelf - We bring your pharmaceutical product or food supplement to life with our full-service contract manufacturing solutions. We work closely with our customers to develop high-quality, innovative products for both human and veterinary use and launch them quickly onto the market. Several individual companies are united under the umbrella of the 1Q Health Group. These include the contract manufacturing companies&nbsp;ABJ alive GmbH,&nbsp;DRONANIA pharmaceuticals GmbH, HKS health solutions GmbH Austria, the medicinal mushroom raw materials offering Mycotrition GmbH and the contract-based research organization (CRO) VivaCell Biotechnlogogy GmbH. The combination of these unique competencies allows us to offer a wide range of services from product development to production and market launch. Our products and services What sets us apart is the full-service model we offer our customers.&nbsp;Alongside comprehensive production and logistics services, we also support clients with studies for testing and developing the right formulations for their products. Our customers have more time to focus on branding and marketing. But we can also help them with that.&nbsp; As a digital-driven CDMO, we’ll apply customized brand building and digital strategies to help clients build lasting success in the marketplace. We don’t just make products, we create brands. Talking about brands: With our white label products and private label solutions companies can easily expand their existing product portfolio and aspiring entrepreneurs can get their new supplement brands off the ground fast and without big investments. We write quality with a capital letterHigh quality is the backbone of our operations. We invest in rigorous quality management in all our facilities in all product phases and only work with certified and authorized suppliers to ensure that our customers get the best and safest products possible. Our production facilities are reguarly audited by third parties and GMP, IFS, organic, HACCP, ISO and FSSC 22000 certified, as required.&nbsp;Innovating and optimizing for the futureHigh quality standards, innovative technologies and a clear focus on the future ensure the continued success and growth of the whole 1Q Health Group. We continually invest in new product development, production process optimization and technologies to support our clients build strong brands in the international marketplace.&nbsp; 1Q Health – Your non-stockout address for contract manufacturing in Europe, for the global market. Learn more about 1Q Health and our product portfolio. <!--eventid544:1Q Health Group l Dronania - HKS - ABJ alive - Mycotrition - VivaCell--> <!--eventid611:1Q Health GmbH-->",Asia; Eastern Europe; Western Europe,Contract Manufacturer,Other Herbs; Dietary supplements; Contract manufacturing,"18may2027 - 18 - may - 2027 - 18-20 May 2027 - Fira Barcelona Gran Via, Av. Joan Carles I, 64, 08908 L'Hospitalet de Llobregat, Barcelona, Spain - Visit us at stand 2G65","Gewerbestraße 8, 82064, Strasslach, DE",info@1qhealth.com,+31 20 708 1700,https://1qhealth.com,https://www.ingredientsnetwork.com/1q-health-gmbh-comp319830.html,319830
TEREOS,"Tereos is a leading supplier of functional ingredients derived from sugar beet, cereals and sugarcane, serving the food and beverage industry worldwide. As a farmer-owned cooperative with more than 10,000 members, Tereos combines agricultural expertise with advanced processing capabilities to offer a broad portfolio of solutions, including sugar, sweeteners, starches, proteins, fibers and fermentation-based ingredients. Tereos works closely with customers to deliver innovative ingredients and solutions that support nutrition, functionality and decarbonization objectives throughout the value chain. Through regenerative agriculture initiatives and low-carbon sourcing solutions, Tereos helps customers reduce the carbon footprint of their products while responding to evolving consumer expectations and regulatory requirements. Processing more than 43 million tonnes of plant-based raw materials each year, Tereos combines scale, expertise and innovation to help customers develop high-performing, more sustainable solutions for markets worldwide.",Africa; Asia; Australia; Central/South America; Eastern Europe; Middle East; North America; Western Europe,Manufacturer: Ingredients / Additives,Beetroots; Cane sugar; Other Cereals & Grains,17nov2026 - 17 - nov - 2026 - 17-19 November 2026 - Messe Frankfurt - Visit us at stand 31H90,"1 Rue de Senlis, 77230, Moussy-le-Vieux, FR",contact@tereos.com,+33 (0) 3 28 38 79 30,https://www.tereos.com,https://www.ingredientsnetwork.com/tereos-comp249286.html,249286
YAYLA AGRO GIDA SAN.TIC.A.S.,"Yayla Agro which has been serving in the food and pulses industry for 30 years, born and raised in the territory of Turkey and it has been taken its place in the world market with its investments and R&D activities. Yayla Agro is market leader in pulses industry by a long way and continues its growth with the motto ""A better future"". Yayla Agro that brings products that make life easier and add value to life by following the dynamics of technology and changing consumption habits, exports to more than 80 countries. The company offers a wide range of products to the market for different expectations and applications of the consumer. Products: Pulse Flours Starch & TVP, (Pea, Soy, Chickpea, Lentil Flour and Starch. TSP (Textured Soy Protein), TPP (Textured Pea Protein)) Pulse Chips & Snack Pellets, (Lentil, Chickpea, Pea Chips and Snack Pellet) Gluten Free & Enriched Pasta, ( Buckwheat, Chickpea, Lentil Pasta) Sauce Groups, ( Ketchup, Mayo, Cheddar, Chipotle, Barbecue, Sweet Chili, Mustard and etc. Sauces) Rice & Multi-grain Snacks, ( Enriched Rice. Triangle, Classic Disc, Thin Style Rice Cake Snacks. Multigrain (Rice + Corn + Quinoa + Millet)) Granola Oat Meals & Bar, (From fruity blends to nutty and chocolatey combinations) Freeze Dried Fruits & Vegetables, (Fruits and vegetables in whole, diced, flaked, sliced, and granulated forms for versatile applications.) Ready to Eat Meals,( A convenient and nutritious solution made from carefully selected legumes, grains, and vegetables, cooked using retort sterilization technology. Our ready-to-eat meals offer homemade taste, long shelf life, and quick preparation.)",Africa; Asia; Australia; Central/South America; Eastern Europe; Middle East; North America; Western Europe,Manufacturer: Ingredients / Additives,Cereals & Grains; Chia seeds; Flaxseeds,17nov2026 - 17 - nov - 2026 - 17-19 November 2026 - Messe Frankfurt - Visit us at stand 31D96,"Saray Mh. Fatih Sultan Mehmet Blv. No:327 Kahramankazan, 06980, Ankara, TR",info@yaylaagro.com,+31 20 708 1700,https://linkedin.com/company/yaylaofficial,https://www.ingredientsnetwork.com/yayla-agro-gida-san-tic-a-s-comp476559.html,476559
GlobalPharmacia Group d.o.o.,"GlobalPharmacia Group is a privately-owned company specializing in the development, manufacturing, and global distribution of high-quality food supplements under private label. We offer a diverse range of products in various forms, including capsules, tablets, gummies, liquids, sachets, and softgels. Our full-service approach covers every stage of product development—from initial concept to final production—ensuring precision, quality, and regulatory compliance. With a state-of-the-art manufacturing facility and a dedicated in-house Research &amp; Development (R&amp;D) team, we deliver nutraceuticals that meet the highest industry standards. We use premium ingredients, provide end-to-end service, and ensure efficient, high-quality manufacturing. Our global reach allows us to serve markets worldwide, and our experienced team offers expert support at every stage. Committed to quality and innovation, GlobalPharmacia is the ideal partner for your nutraceutical needs. Contact us today to bring your product ideas to life. GlobalPharmacia Group—Where Quality Meets Innovation.",Africa; Asia; Central/South America; Eastern Europe; Middle East; Western Europe,Contract Manufacturer,Dietary supplements; Contract manufacturing; Capsules,"18may2027 - 18 - may - 2027 - 18-20 May 2027 - Fira Barcelona Gran Via, Av. Joan Carles I, 64, 08908 L'Hospitalet de Llobregat, Barcelona, Spain - Visit us at stand 3D99","Poklukarjeva ulica 27, 1000, Ljubljana, SI",sales@globalpharmacia.com,+31 20 708 1700,https://globalpharmacia.com/,https://www.ingredientsnetwork.com/globalpharmacia-group-d-o-o-comp324235.html,324235
International Probiotics Association,"Welcome to the International Pre-, Pro- and Post-, biotics Association! (IPA) The International Pre-, Pro- and Post-, biotics Association (IPA) is a global non-profit organization bringing together through its membership, the biotic sector’s stakeholders including but not limited to academia, scientists, health care professionals, consumers, industry and regulators. The IPA’s mission is to promote the safe and efficacious use of biotics throughout the world. Holding NGO status before Codex Alimentarius, the IPA is also recognized as the unified Global Voice of Probiotics® around the world. Additionally, the IPA will work with government bodies and industry to assist in establishing scientific standards for biotic supplements, biotic pharmaceutical products and functional foods. IPA will educate consumers on the proven health benefits of all biotics for humans by attending trade shows, health tours/walks and other media functions. IPA promises to always put forth timely, unbiased information to every interested party, and share the documented benefits of all biotics to its international forum of members. Be part of the Global Voice of Probiotics® by becoming an IPA member. IPA members are a diverse representation of the international probiotics sector, bringing together over 120 companies spanning 29 countries from industry, healthcare, academia, research, regulation, and more. <!--eventid544:International Probiotics Association - Biotic Resource Centre--> <!--eventid598:International Probiotics Association IPA-->",Global / International,"Food Safety, Quality and Service",Other Enzymes; Other Microorganisms & Probiotics; Other Prebiotics,"5may2026 - 5 - may - 2026 - 05 - 07 May 2026 - Fira Barcelona Gran Via, Av. Joan Carles I, 64, 08908 L'Hospitalet de Llobregat, Barcelona, Spain - We were at stand 4D52F","3484 Boulevard des Sources #320Dollard-des-Ormeaux,, H9B 1Z9, Québec, CA",kristina@ipa-biotics.org,111111111,https://ipa-biotics.org/,https://www.ingredientsnetwork.com/international-probiotics-association-comp308473.html,308473
Uhlmann Pac-Systeme GmbH & Co. KG,"Uhlmann Pac-Systeme GmbH &amp; Co. KG is a leading global systems provider for the packaging of pharmaceuticals in blisters, bottles, and cartons. They bring their experience in pharmaceutical packaging to the consumer health industry, focusing on nutraceuticals, supplements, and functional foods. The solutions balance high performance with the cost efficiency required for your market. From compact blister machines to full bottle lines – Uhlmann understands your unique packaging challenges and delivers sustainable, pharma-grade solutions that pay off.The company offers flexible, complete solutions for various challenges. These include constantly increasing demands for safety and cost-effectiveness, as well as the product traceability required by law in many countries. With its innovative portfolio ranging from blister machines and bottle lines to cartoners and end-of-line packers, Uhlmann has been setting standards in quality, efficiency, and availability for decades. Over time, the company has evolved into a total solution provider: ""360° PHARMA PACKAGING"" stands for consulting, project management, implementation, comprehensive services, and digital solutions from a single source.&nbsp; The company, headquartered in Laupheim, Germany, operates worldwide and ensures production-related support.. Uhlmann Pac-Systeme GmbH &amp; Co. KG was founded in 1948 and is part of the Uhlmann Group, which is now in its third generation of family ownership. Other companies in the Uhlmann Group include Koch Pac-Systeme and Goldfuß Engineering from Germany, Cremer Speciaalmachines from the Netherlands, Axito from Poland, and Wonder Packing Machinery from China. Since October 2019, meaningful parts of central functions have been consolidated within Uhlmann Group Holding GmbH &amp; Co. KG. <!--eventid598:Uhlmann Pac-Systeme GmbH + Co. KG--> <!--eventid641:Uhlmann Pac-Systeme GmbH + Co. KG-->",Africa; Asia; Australia; Central/South America; Eastern Europe; Middle East; North America; Western Europe,"Equipment, Packaging & Processing Supplier",Packaging,"18may2027 - 18 - may - 2027 - 18-20 May 2027 - Fira Barcelona Gran Via, Av. Joan Carles I, 64, 08908 L'Hospitalet de Llobregat, Barcelona, Spain - Visit us at stand 3G161","Uhlmannstr. 14-18, 88471, Laupheim, DE",news@uhlmann.de,+31 20 708 1700,https://www.uhlmann.de/en/consumer-health,https://www.ingredientsnetwork.com/uhlmann-pac-systeme-gmbh-co-kg-comp476370.html,476370
Lubrizol,"Enabling Differentiated Nutraceutical Solutions With Optimized Ingredient Delivery.&nbsp;At Lubrizol we empower brands to create truly differentiated nutraceutical solutions through our expertise in optimized ingredient delivery. Our advanced microencapsulation technologies elevate the performance, stability, bioavailability, and sensory experience of nutraceutical actives—unlocking new possibilities for formulators and delivering superior outcomes for consumers. Our portfolio includes advanced microencapsulated minerals—Lipofer™ iron, Magshape™ magnesium, Zincnova™ zinc and Lipocal™ calcium—and high‑performance botanicals including Curcushine™ curcumin, Newcaff™ caffeine and Lipophytol™ phytosterols. Backed by science, clinical insights and cutting‑edge microencapsulation, our technologies enhance bioavailability, stability, taste and format flexibility across gummies, sticks, beverages and tablets. We help formulators create premium, consumer‑preferred solutions in women’s health, beauty‑from‑within, active living, cognitive support and metabolic wellness. Rooted in deep scientific expertise, clinical substantiation, and consumer-led innovation, our branded ingredients help manufacturers accelerate product development, enhance consumer satisfaction, and set new standards for quality and efficacy in the global nutraceutical market. Visit us at Booth 5B12 to explore our latest innovation concepts.",Asia; Central/South America; Eastern Europe; North America; Western Europe,Raw Material Supplier,"Emulsifiers, Stabilisers, Thickeners; Iron; Magnesium","18may2027 - 18 - may - 2027 - 18-20 May 2027 - Fira Barcelona Gran Via, Av. Joan Carles I, 64, 08908 L'Hospitalet de Llobregat, Barcelona, Spain - Visit us at stand 4F1","Issac Peral, 17 Pol. Ind. Camí Ral Gava, 08850, Gavà, ES",isabel.gomez@lubrizol.com,+31 20 708 1700,https://www.lipofoods.com,https://www.ingredientsnetwork.com/lubrizol-comp307649.html,307649
Uriach,"Uriach is an international family company based in Barcelona. Since the foundation of the company, taking care of people has been the core of what we do, our reason for being. 185 years and 6 generations later, the healing of people continues to be the driver of our activity. Uriach has been registering double-digit growth in the last decade with a strong track record of internationalization, while running a responsible business, adaptability and development of cutting-edge products and brands with the consumer at the heart of our strategy that highlight our commitment to society.",Global / International,Manufacturer / Supplier: Ingredients,Food & Beverage Ingredients / Additives,"5may2026 - 5 - may - 2026 - 05 - 07 May 2026 - Fira Barcelona Gran Via, Av. Joan Carles I, 64, 08908 L'Hospitalet de Llobregat, Barcelona, Spain - We were at stand 4D2","Green Building Avinguda de la Generalitat 163-167, 08174, Sant Cugat del Vallès, ES",contact@ingredientsnetwork.com,+31 20 708 1700,https://www.uriach.com,https://www.ingredientsnetwork.com/uriach-comp324301.html,324301
Wellma,"Wellma is the development and manufacturing partner for players that want to build, launch, and scale high-quality nutraceutical products — without being constrained by format, complexity, or geography. We combine full-range capabilities across all major supplement formats (capsules, tablets, powders, liquids, gummies, bars, liposomals and specialty systems) with deep, format-specific expertise, as each of our development & production sites is dedicated to a single format, giving our partners the focus, quality, and innovation depth of a specialist - while having access to all formats capabilities. From early-stage formulation and R&D, to scale-up, regulatory support, and multi-market and multi-format production, we work with startups, scale-ups, established brands and retailers alike. Our entrepreneurial mindset, strong scientific capabilities, and agile operating model allow us to adapt to where you are today — and scale with you tomorrow. One partner. All formats. Deep expertise. Built to grow with you.&nbsp;",Eastern Europe; Western Europe,Contract Manufacturer,Capsules; Food bars; Gels,"18may2027 - 18 - may - 2027 - 18-20 May 2027 - Fira Barcelona Gran Via, Av. Joan Carles I, 64, 08908 L'Hospitalet de Llobregat, Barcelona, Spain - Visit us at stand 2G95","Nybrokajen 20, 11148, Stockholm, SE",sales@wellmagroup.com,+31 20 708 1700,https://www.linkedin.com/company/wellma1,https://www.ingredientsnetwork.com/wellma-comp317528.html,317528
Novalabs,"Novalabs provides full-service contract manufacturing (private label) and product development for nutraceutial supplements, based in Austria. We are the supplement for supplements, a one stop shop to your product. We produce dietary supplements in every dosageform. From past experience, our team knows your needs and requirements in all phases. That is why Novalabs is completely focused on helping ideas become products. We can produce small to large quantities, depending on what our customers need. Our production provides you with the highest certified quality (IFS Food 8), and our communication is transparent throughout the entire process. Novalabs is your reliable partner - a one-stop shop that enables you to realize the full potential of your products. We are everything your supplement needs. <!--eventid641:Aplantis GmbH-->",Asia; Eastern Europe; Western Europe,Contract Manufacturer,Lecithins; Other Amino acids; Other Antioxidants,"18may2027 - 18 - may - 2027 - 18-20 May 2027 - Fira Barcelona Gran Via, Av. Joan Carles I, 64, 08908 L'Hospitalet de Llobregat, Barcelona, Spain - Visit us at stand 2D111","Riedlerweg 29D, 8010, GRAZ, AT",david@novalabs.at,+31 20 708 1700,https://www.facebook.com/profile.php?id=61569546238214,https://www.ingredientsnetwork.com/novalabs-comp324269.html,324269
SACCO SYSTEM,"&nbsp;Sacco System is an international company with a deep expertise in research and production of bacteria for food, agriculture, nutraceutical and pharmaceutical industries, built on more than 150 years of heritage. Operating today in over 110 countries worldwide, Sacco System provides its expertise on probiotic research, development and manufacturing for the human wellbeing. With its 8 facilities, Sacco System partners&nbsp;with companies in the development, process validation, and finished product manufacturing of probiotics, postbiotics, Next-Generation bacteria and LBP's. Sacco System also offers white label and tailor-made products, custom fermentation, GMP production from clinical to industrial scale (TOLLING), screening and optimization of culture media, preparation and validation of cell banks (RCB, MCB, and WCB), stability studies, research studies, registration assistance, branding and marketing strategy development, and contacts with third-party service providers like laboratories, contract manufacturers, and public authorities.&nbsp; <!--eventid544:Sacco System--> <!--eventid598:Sacco System-->",Africa; Asia; Australia; Central/South America; Eastern Europe; Middle East; North America; Western Europe,Manufacturer: Ingredients / Additives,Bacillus coagulans; Bifidobacterium; Bioactives Other,"18may2027 - 18 - may - 2027 - 18-20 May 2027 - Fira Barcelona Gran Via, Av. Joan Carles I, 64, 08908 L'Hospitalet de Llobregat, Barcelona, Spain - Visit us at stand 3G97","Strada per Merlino, 3, 26839, Zelo Buon Persico, IT",P.Origoni@saccosrl.it,+390318859311,https://www.saccosystem.com,https://www.ingredientsnetwork.com/sacco-system-comp251079.html,251079
HHOYA B.V.,"At HHOYA, we are more than just a provider of ingredient solutions – we are dedicated advocates of sustainability, driving positive change through innovative and eco-conscious practices. As a leading sustainable ingredient solutions provider, we have made it our mission to revolutionize industries by offering cutting-edge solutions that harmonize business goals with environmental responsibility. HHOYA’s One-Stop Sourcing Solutions offer a comprehensive approach to streamline your procurement process. We provide a centralized platform where you can find a wide range of products and services, all tailored to meet your specific needs. From sourcing and procurement to logistics and support, our integrated solutions simplify your supply chain, saving you time, resources, and effort. With HHOYA’s One-Stop Sourcing Solutions, you can confidently access a diverse array of offerings while enjoying the convenience of a single point of contact for all your requirements. <!--eventid629:HHOYA BV-->",Africa; Asia; Australia; Central/South America; Eastern Europe; Middle East; North America; Western Europe,Raw Material Supplier,Acesulfame-K; Amino acids; Aspartame,17nov2026 - 17 - nov - 2026 - 17-19 November 2026 - Messe Frankfurt - Visit us at stand 30H86,"Rietveldenweg 98, 5222 AS, ‘s-Hertogenbosch, NL",info@hhoya.com,+31 20 22 58 999,https://www.hhoya.com,https://www.ingredientsnetwork.com/hhoya-b-v-comp267945.html,267945
KMC,"In KMC, everything begins and ends with the humble, yet powerful potato. KMC supplies the global food industry with potato-based solutions that enhance a product’s taste, texture, or longevity. We are a cooperative with over 90 years of experience, owned by Danish starch-potato growers – guaranteeing the highest quality and food safety standards. Growing a plant-based future In KMC, we believe the future is plant-based and climate-friendly. Our contribution is to help innovative food manufactures make their products more sustainable – and to integrate sustainability in everything we do.&nbsp; Implementing intelligent ingredients KMC is a preferred partner valued for our extensive know-how allowing us to develop our customer’s business and optimise every single production – from ingredient to implementation. And our experts do not leave, until it works.",Africa; Asia; Australia; Central/South America; Eastern Europe; Middle East; North America; Western Europe,Manufacturer: Ingredients / Additives,"Carbohydrates, Sugars; Dietary Fibres; Egg replacer",17nov2026 - 17 - nov - 2026 - 17-19 November 2026 - Messe Frankfurt - Visit us at stand 31G63,"Herningvej 60, 7330, Brande, DK",marketing@kmc.dk,+45 9642 5555,https://www.kmc.dk,https://www.ingredientsnetwork.com/kmc-comp249093.html,249093
BENEO GmbH,"BENEO offers a range of functional ingredients with health and technical benefits derived from the natural sources chicory root, barley, sugar beet, rice, wheat and faba bean. With its Meatless range, BENEO offers food producers a versatile selection of plant-based texturizing solutions for meat and fish alternatives. By “connecting nutrition and health”, the company supports food and feed manufacturers to produce healthy and more balanced products. BENEO also supplies organic rice ingredients for green, clean, texturizing solutions and organic chicory root fibres, offering the same prebiotic benefits as our conventional ingredients. BENEO ingredients offer food manufacturers routes to develop great-tasting products that are nutritionally optimised with less or no sugar or fat, fibre-enriched or gluten- as well as dairy-free and more. BENEO takes it even further: blood sugar management, weight management, digestive, bone and dental health are concepts where its ingredients can play a decisive role. In addition, they improve the taste and texture of food and beverages. BENEO specialises in supplying manufacturers with functional ingredients of non-animal origin that bring forth innovative product development. The company’s product portfolio is primarily used in the following applications: baby food, bakery, cereals, beverages, confectionery, dairy, meat and vegetables, as well as soups and sauces. To learn more, visit www.beneo.com <!--eventid544:BENEO--> <!--eventid629:BENEO-->",Africa; Asia; Australia; Central/South America; Eastern Europe; Middle East; North America; Western Europe,Manufacturer: Ingredients / Additives,"Beta-glucans; Chicory; Dietary Fibres, Prebiotics",17nov2026 - 17 - nov - 2026 - 17-19 November 2026 - Messe Frankfurt - Visit us at stand 31G70,"Maximilianstrasse 10, 68165, Mannheim, DE",contact@beneo.com,+49621421150,https://www.beneo.com,https://www.ingredientsnetwork.com/beneo-gmbh-comp249925.html,249925
MartinoRossi SpA,"MartinoRossi is a mill and ingredients producer from Northern Italy, active for more than fifty years, focused on flours, custom blends and functional ingredients from cereals and pulses, 100% Gluten-free, allergen-free and GMO-free. MartinoRossi lays its foundations on the respect and development of the agricultural realities, investing on quality and safety of raw materials. Cereals and pulses both conventional and organic, transformed into high quality flours, semi-finished products, functional ingredients and custom blends, clean label and allergens free, ideal for the production of pasta, snacks, bakery products and plant-based products. Thanks to its tailor-made attitude, MartinoRossi is able to offer a full customization of the supplied ingredients, according to specific customer requirements (both in terms of grain size and heat-treatment). Native or Heat-Treated flours ideal for pasta making, bakery products and pastry; semi-finished products for corn-flakes or snacks and selected high-quality grains. Functional ingredients conceived to guarantee a ""clean"" label to final consumers. Flours physically modified through an internal know-how and the use of vegetable fibers create solutions to assist the food industries to achieve a better performance in the finished products.",Asia; Central/South America; Eastern Europe; Middle East; North America; Western Europe,Manufacturer: Ingredients / Additives,"Amino acids; Beans; Carbohydrates, Sugars",17nov2026 - 17 - nov - 2026 - 17-19 November 2026 - Messe Frankfurt - Visit us at stand 31B20,"Sp 26 km 15.100, 26030, Malagnino, IT",info@martinorossispa.it,+39 0372 838501,https://www.martinorossispa.it,https://www.ingredientsnetwork.com/martinorossi-spa-comp251069.html,251069
PRINOVA EUROPE LIMITED,"Prinova is a leading global supplier of ingredients and premix manufacturing solutions for the food, beverage and nutrition industries. Prinova holds strategic stocks in 35+ centres around the world to ensure continuity of supply and has liquid and dry premix manufacturing facilities in the UK, China and the USA. Prinova's premix business is underpinned with over 40 years of experience in ingredient sourcing and distribution, servicing their customers with global inventories, market expertise and leading market positions in Vitamins, Amino Acids, Sweeteners, Preservatives, Proteins, Aroma Chemicals and more. Our product range includes:- Amino Acids & Vitamins- Hydrocolloids & Superfoods- Botanical Extracts- Branded Ingredients- Essential Oils & Aroma Chemicals- Food & Beverage Ingredients- Proteins- Nutraceuticals- Sweeteners For more information please see PrinovaEurope.com <!--eventid629:Prinova-->",Africa; Asia; Australia; Central/South America; Eastern Europe; Middle East; North America; Western Europe,Manufacturer: Ingredients / Additives,Acesulfame-K; Acidulants; Additives incl. Flavourings & Colours,17nov2026 - 17 - nov - 2026 - 17-19 November 2026 - Messe Frankfurt - Visit us at stand 31G32,"1 London Wall, EC2Y 5EA, London, GB",contact@ingredientsnetwork.com,+44 20 74 66 54 76,https://www.prinovaeurope.com/,https://www.ingredientsnetwork.com/prinova-europe-limited-comp249598.html,249598
LIPSA,"Lípidos Santiga (LIPSA) is a leading company in the refining of vegetable oils and fats for the human food, animal feed, technical applications and biofuels sectors.Since our beginnings in 1973, our objective has been to become the supplier of reference for all our customers around the world, continuously providing them with high added value solutions.&nbsp;&nbsp;With a portfolio of more than 20 feedstocks and the ability to add additives and create blends, we have the widest product portfolio in the industry. And for all customers who want to go one step further in their commitment to sustainability, we also offer our range of sustainable and eco-certified products.&nbsp;Our experienced team works together with the best suppliers to ensure a safe and sustainable supply chain for our raw materials in social, environmental and economic terms. We also use the best and latest technology in oil refining processes, and we are at the forefront in mitigating contaminants that may be present in vegetable oils or appear during refining processes (GE, 3-MCPD esters and MOSH/MOAH) to ensure the quality of all our products.&nbsp;We continuously innovate our products, relying on technology to adapt to the needs of the market and together with our customers we develop tailor-made solutions to meet all their demands for vegetable oils and fats.",Africa; Asia; Australia; Central/South America; Eastern Europe; Middle East; North America; Western Europe,Raw Material Supplier,"Canola oil; Coconut oil; Emulsifiers, Stabilisers, Thickeners",17nov2026 - 17 - nov - 2026 - 17-19 November 2026 - Messe Frankfurt - Visit us at stand 31N90,"Ctra. B-141 Ripollet A Santiga, km 4,300, 08130, Santa Perpetua de Mogoda, ES",jolivero@lipsa.es,+34 935443119,https://www.lipsa.es,https://www.ingredientsnetwork.com/lipsa-comp301813.html,301813
Nexira,"Founded in 1895, Nexira is a global leader in natural ingredients and botanical extracts for the food, nutrition, and dietary supplements industries.&nbsp; Nexira built its reputation as the world leader in acacia fiber&nbsp;and now manufactures a wide range of natural products with recognized health benefits. Our portfolio of products includes highly functional and nutritional ingredients, antioxidants and active botanicals for digestive health, weight management, stress management, sports nutrition, cognitive health and cardiovascular health.&nbsp; We operate on five continents, with ten subsidiaries, eight manufacturing plants and an extensive network of partners in more than 80 countries.",Africa; Asia; Australia; Central/South America; Eastern Europe; Middle East; North America; Western Europe,Manufacturer: Ingredients / Additives,Acacia gum; Acai; Acerola,17nov2026 - 17 - nov - 2026 - 17-19 November 2026 - Messe Frankfurt - Visit us at stand 31H64,"129, Chemin de Croisset BP 4151, 76723, Rouen, FR",info@nexira.com,+33 232 83 18 18,https://www.nexira.com,https://www.ingredientsnetwork.com/nexira-comp249140.html,249140
RIOJA NATURE PHARMA,"""We are Your Manufacturer"" Specialized in bespoke food-supplements. Working with such a variety of products gives us great Know How. Capsules, Veg SoftGels, Sachets, tablets, liquids ...&nbsp;&nbsp;Wide range of dosage forms. &nbsp; If you have any development proposal or want RNP to quote one of the products that you are already producing, do not hesitate to request it. High production capacity & Amazon Experience. <!--eventid598:Rioja Nature Pharma SL-->",Asia; Australia; Central/South America; Eastern Europe; Middle East; North America; Western Europe,Contract Manufacturer,Other Amino acids; Other Microorganisms & Probiotics; Other Proteins - Animal,"18may2027 - 18 - may - 2027 - 18-20 May 2027 - Fira Barcelona Gran Via, Av. Joan Carles I, 64, 08908 L'Hospitalet de Llobregat, Barcelona, Spain - Visit us at stand 2D57","Julio Rey Pastor, 1. Parque empresarial La Maja. Ctra. LR-134, Km 6,5, 26580, Arnedo (La Rioja), ES",info@naturepharma.es,+31 20 708 1700,https://www.riojanaturepharma.com/en,https://www.ingredientsnetwork.com/rioja-nature-pharma-comp307576.html,307576
Arctic Bioscience AS,"Arctic Bioscience AS is a Norwegian nutraceutical and pharmaceutical development company.&nbsp; Our unique and premium product portfolio of phospholipid omega-3 products and marine proteins for B2B customers is based on extracts from the caviar of wild-caught North Atlantic herring. Clinically tested, patented and available in bulk oil and capsules.We focus on biological mechanics, bioavailability and effect. Our portfolio of products are to be positioned within the segments of brain health, sports performance, anti-inflammatory, healthy ageing, prenatal supplements and omega-3s. <!--eventid544:Arctic Bioscience-->",Asia; Central/South America; Eastern Europe; Middle East; North America; Western Europe,Manufacturer: Ingredients / Additives,Algae oil; Amino acids; Fish oil,"18may2027 - 18 - may - 2027 - 18-20 May 2027 - Fira Barcelona Gran Via, Av. Joan Carles I, 64, 08908 L'Hospitalet de Llobregat, Barcelona, Spain - Visit us at stand 3D235B","Industrivegen 42, NO-6155, Ostra, NO",kim@arctic-biosciene.com,+47 97076411,https://www.arctic-bioscience.com,https://www.ingredientsnetwork.com/arctic-bioscience-as-comp302647.html,302647
Atlantic Chemicals Trading GmbH,"ACT is a leading global distributor of raw materials for health and nutrition, headquartered in Germany. With worldwide offices, ACT is your dynamic and solution-oriented partner. Our efforts in our strongest fields -vitamins, sweeteners, energy ingredients, amino acids, flavours and plant extracts - are driven by our conviction and passion. <!--eventid629:ACT Group-->",Asia; Eastern Europe; North America; Western Europe,Distributor,Acerola; Acesulfame-K; Acidulants,17nov2026 - 17 - nov - 2026 - 17-19 November 2026 - Messe Frankfurt - Visit us at stand 31D56,"Hermannstrasse 46, 20095, Hamburg., DE",germany@act.de,+49 403344190,https://www.act.de,https://www.ingredientsnetwork.com/atlantic-chemicals-trading-gmbh-comp248819.html,248819
GELITA AG,"Within the range of collagen proteins, GELITA supplies collagen peptides with proven body-stimulating capabilities and tailor-made gelatins. In today’s landscape of highest consumer demands, manufacturers of food products and dietary supplements rely on natural, healthy, non-allergenic ingredients for their developments. Collagen proteins from GELITA fulfill all of these requirements and are foodstuffs in their own right (no E-number). They also possess a set of unique technical and physiological properties. Collagen peptides enable manufacturers to add specific health aspects. GELITA has intensified its research in developing solutions for this important market segments: Physical mobility with FORTIGEL®, bone stability with FORTIBONE®, beauty from within solutions for nutricosmetics with VERISOL®, optimized body composition with BODYBALANCE®, TENDOFORTE® for strengthening ligaments and tendons and finally PeptENDURE® for mor endurance in sports. GELITA also provides a whole portfolio of capsule gelatines to define the fill release profile of the soft capsule from extremely fast (DELASOL®) and reduced cross-linking (RXL®) to very low or even enteric release (DELASOL®) and EASYSEAL® to improve capsule seals. <!--eventid544:GELITA-->",Africa; Asia; Australia; Central/South America; Eastern Europe; Middle East; North America; Western Europe,Manufacturer: Ingredients / Additives,Ammonium phosphatides; Bioactive Compounds - Other; Casein,17nov2026 - 17 - nov - 2026 - 17-19 November 2026 - Messe Frankfurt - Visit us at stand 31H38,"Uferstrasse 7, 69412, Eberbach, DE",marketing@gelita.com,+49 6271 8401,https://www.gelita.com,https://www.ingredientsnetwork.com/gelita-ag-comp248949.html,248949
Vita Actives Limited,"Your satisfaction sits at the peak of our priorities at Vita Actives. We are committed to offering industry-leading, research-backed nutraceutical ingredients that support you to craft exceptional products, giving you an edge in your market. Our expansive catalogue caters to diverse sectors including functional foods and beverages, health and wellness, pharmaceuticals, sports nutrition, and cosmetics. As your strategic partner, we champion the sourcing, supply, and distribution of more than 3000 rigorously tested and premium quality ingredients, ranging from amino acids, vitamins and minerals to herbal extracts, enzymes, probiotics, proteins, carbohydrates, and nutraceutical specialities. With a network of over 500 global partners, 50+ proprietary ingredient brands, and one of Europe's largest inventories, we are proud to also offer renowned ingredient brands like Advifolate, BioK2, CurQreal, Zymate, KSM-66 Ashwagandha, BCM-95, and Oxystorm. Our Services At Vita Actives, our experienced team and state-of-the-art innovation centre stand ready to serve you. We provide an array of services, from the conception of novel product formulations and enhancement of existing products to guidance in navigating industry challenges, including regulatory assistance, clinical trials and contract research and manufacturing. Quality Vita Actives is recognised with numerous quality certifications, such as BRCGS (GFSI), ISO9001:2015, HACCP, HALAL, and KOSHER. Leveraging the SAP system and investing in the most dependable technologies, we guarantee 100% traceability for every product. Our dedication extends to upholding the highest quality&nbsp;standards, ensuring product traceability, and meeting both statutory and regulatory benchmarks.",Asia; Central/South America; Eastern Europe; Middle East; North America; Western Europe,Raw Material Supplier,Amino acids; Amylase; Andrographis paniculata,17nov2026 - 17 - nov - 2026 - 17-19 November 2026 - Messe Frankfurt - Visit us at stand 30G72,"Unit I, Baldonnel Business Park, D22YH57, Dublin, IE",sales@vitaactives.com,0035314690882,https://vitaactives.com/,https://www.ingredientsnetwork.com/vita-actives-limited-comp273382.html,273382
Venusroses Labsolutions Ltd,"VenusRoses Labsolutions Ltd. (founded in 2009) We are a BIOTECHNICAL Contract Research, Development, and Production COMPANY of innovative nutraceuticals, herbal medicines, and food supplements. INNOVATION: Novel encapsulation technology ""micropellets in oil"" and ""tablet in capsule"" QUALITY CERTIFICATES: GMP-certified production facility, USA FDA Food Facility Approval INGREDIENTS: Highly bioavailable active proprietary blends | Clinically studied branded ingredients | Our key ingredient is Bulgarian Rose oil PRODUCT PROVEN EFFICACY: Formula effectiveness study EU PROJECTS & COLLABORATIONS: Established collaboration with the academic sector - R&I EU-funded projects &gt;&gt; Improve Your Brand Recognition with VenusRoses Labsolutions' product lines, Women's Health ( I am this Woman), Men's Health ( I am this Man ), Mental & Physical Health... Find us in the New Products Zone and at&nbsp;stand 4C107.",Asia; Eastern Europe; North America; Western Europe,Contract Manufacturer,Other Herbs; Dietary supplements; Functional beverages,"18may2027 - 18 - may - 2027 - 18-20 May 2027 - Fira Barcelona Gran Via, Av. Joan Carles I, 64, 08908 L'Hospitalet de Llobregat, Barcelona, Spain - Visit us at stand 3C21","Krasno Selo 48 Gotze Deltchev Bulentr 1 Office 5, 1680, Sofia, BG",office@venusroses-labsolutions.eu,+31 20 708 1700,https://www.venusroses-labsolutions.eu,https://www.ingredientsnetwork.com/venusroses-labsolutions-ltd-comp307624.html,307624
Il Granaio delle Idee,"Il Granaio delle Idee is a company specialized in blending that works globally offering a wide range of natural blends and improvers, as well as customized consulting services. With a strong know how in the enzymatic technology and in the use of live lactic ferments, the company offers only clean label solutions. Bakery, confectionery and pizza making, both artisan and industrial, are our reference sectors.",Global / International,Manufacturer: Ingredients / Additives,"Bacillus coagulans; Barley; Cereals & Grains, Pulses",17nov2026 - 17 - nov - 2026 - 17-19 November 2026 - Messe Frankfurt - Visit us at stand 31L100,"Via Trento 7, 35020, Padova, IT",info@igdi.it,+39 – 049 – 8862824,https://www.ilgranaiodelleidee.com,https://www.ingredientsnetwork.com/il-granaio-delle-idee-comp319172.html,319172
ECA HealthCare Inc.,"ECA Healthcare Inc. produces and supplies premium quality, efficacious, innovative ingredients for nutritional and&nbsp;wellness industries. For nearly two decades, we have set the standard for product excellence in the field of ingredient science with our cutting-edge technology, global expertise, and state-of-the-art facilities. &nbsp;Our NSF-certified GMP & cGMP bases can produce high-quality ingredients for enzymatic synthesis and extraction. We are capable of meeting the high demand for dietary supplements (tablets, hard & soft capsules, gummies, and premixes)Nutritional industry leaders widely use our distinctive ingredients and formulations for sports nutrition, immune support, food and beverage,cosmetics, dietary supplements, age-related cognitive decline, medical nutrition, active and performance nutrition, and nutrition improvement. DHAPS®, SunPS®,&nbsp;BioPs®,&nbsp;β-NMN,&nbsp;PurePQQ®,&nbsp;MoleQ10®, &nbsp;ReaLipo™ C&nbsp;Liposomal Vitamin C&nbsp;and Vegan Vitamin D3 are some of our signature ingredients. Our sister company ZymeBase Inc. produces premium plant-based ingredients. ZymeBase is renowned for AquOat® Instant Oat Powder, SusCarb™ Dextrin-HBCD, and Fibalance™ (PHGG). They offer nutritious Plant-Based ingredients for PBDA (Plant-Based Dairy Alternatives) and PBF (Plant-based Foods). <!--eventid611:ECA Healthcare Inc.-->",Africa; Asia; Australia; Central/South America; Eastern Europe; Middle East; North America; Western Europe,Raw Material Supplier,Alpha-lipoic acid; Beta-glucans; Bioactive Compounds - Other,"18may2027 - 18 - may - 2027 - 18-20 May 2027 - Fira Barcelona Gran Via, Av. Joan Carles I, 64, 08908 L'Hospitalet de Llobregat, Barcelona, Spain - Visit us at stand 2G201","3F, Bldg D12, 128 Shenfu Road, 201108, Shanghai, CN",sales@eca-healthcare.com,+31 20 708 1700,https://www.eca-healthcare.com,https://www.ingredientsnetwork.com/eca-healthcare-inc-comp309038.html,309038
FrieslandCampina Nederland BV,"FrieslandCampina Ingredients is a leader in proteins and prebiotics,&nbsp;providing&nbsp;innovative, nutritious ingredients to address&nbsp;health and well-being challenges&nbsp;worldwide.&nbsp;Its drive is to get the right ingredients to customers&nbsp;- so they can create highly nutritious and specialised applications that help their consumers get the most out&nbsp;of life, always.&nbsp;&nbsp;&nbsp; FrieslandCampina Ingredients&nbsp;operates&nbsp;globally across the Early Life Nutrition, Active, Performance, Medical and Cell Nutrition market segments. The company has regional sales offices in the Netherlands, the United States, Singapore,&nbsp;China&nbsp;and Brazil. It reported combined sales of €1.486&nbsp;billion in 2025. For&nbsp;additional&nbsp;information, please visit: www.frieslandcampinaingredients.com. <!--eventid544:FrieslandCampina Ingredients--> <!--eventid598:FrieslandCampina Ingredients--> <!--eventid629:FrieslandCampina Ingredients-->",Asia; Australia; Central/South America; Eastern Europe; Middle East; North America; Western Europe,Manufacturer: Ingredients / Additives,Bioactives Other; Other Prebiotics; Other Proteins - Plant,17nov2026 - 17 - nov - 2026 - 17-19 November 2026 - Messe Frankfurt - Visit us at stand 31G38,"Stationsplein 4, 3818LE, Amersfoort, NL",info@frieslandcampinaingredients.com,+31 33 71 33 333,https://www.frieslandcampinaingredients.com,https://www.ingredientsnetwork.com/frieslandcampina-nederland-bv-comp317902.html,317902
LEHVOSS Nutrition,"LEHVOSS Nutrition&nbsp;is a business activity of the LEHVOSS Group,&nbsp;dedicated to the marketing and distribution of nutraceutical ingredients and minerals for Food Supplements, Functional Foods and Animal Nutrition. We specialise in scientifically proven, trademarked ingredients manufactured by top worldwide companies. Our brands portfolio covers Healthy Aging, Beauty from Within, Sport Nutrition, Joint Health, Immune, Cognitive, Gut Health Support and more. We also provide a selection of carefully chosen ingredients from our Essentials range, along with natural, plant-based solutions from our PlantNutra® line and a variety of high quality minerals from our PHARMAGNESIA® range.",Eastern Europe; Western Europe,Distributor,Algae; Algae oil; Alpha-lipoic acid,"18may2027 - 18 - may - 2027 - 18-20 May 2027 - Fira Barcelona Gran Via, Av. Joan Carles I, 64, 08908 L'Hospitalet de Llobregat, Barcelona, Spain - Visit us at stand 2G207","40 Holmes Chapel Road, CW12 4NG, Congleton, GB",marketing@lehvoss.co.uk,+44(0)1260291000,https://www.lehvoss-nutrition.com/,https://www.ingredientsnetwork.com/lehvoss-nutrition-comp263881.html,263881
Savencia Ingredients & Nutritional Solutions,"Armor Protéines is part of the Savencia Fromage & Dairy division, one of the world’s leading milk processors, the second largest cheese group in France and the fifth largest in the world. Armor Protéines is the French brand for speciality dairy ingredients. Over the years, the brand has expanded by offering tailored solutions for functional and nutritional ingredients, derived from milk and whey.&nbsp; We offer a wide range of dairy ingredients such as milk proteins (casein(ates)), bioactive proteins like our infant grade lactoferrin, hydrolysates and milk minerals (calcium).&nbsp; Our mission is to create and provide high-quality and technical nutritional and functional solutions, with a positive impact on our environment to feed people better every day. Our ambition is to come up with innovative solutions and high-quality products to respond to the strategic demands of our clients in the human nutrition and agri-food industries. <!--eventid544:Armor Protéines--> <!--eventid598:Armor Proteines--> <!--eventid629:Armor Protéines-->",Global / International,Manufacturer: Ingredients / Additives,Amino acids; Bioactive Compounds - Other; Bioactives Other,17nov2026 - 17 - nov - 2026 - 17-19 November 2026 - Messe Frankfurt - Visit us at stand 30J8,"19 bis rue de la libération Saint Brice en Coglès, 35460, Maen Roch, FR",contact@ingredientsnetwork.com,+ 33 2 99 18 39 29,https://www.armor-pharma.com,https://www.ingredientsnetwork.com/savencia-ingredients-nutritional-solutions-comp272812.html,272812
BK,"ICL Food Specialties is a global leader in providing high-quality functional ingredient systems that deliver exceptional texture and stability to food and beverage products. Their diverse ingredients phosphate portfolio delivers buffering, pH adjustment, water binding and shelf-life enhancement across multiple markets, including meat, poultry, seafood, dairy, beverage, bakery, and alternative proteins. To further expand their reach, ICL Food Specialties is focused on the rapidly growing market for alternative proteins and cleaner-label solutions. Their innovative technology enables the production of plant-based meat and dairy substitutes that are welcome alternatives to conventional animal products. Ideal for flexitarians, vegans and health-conscious consumers who wish to reduce meat consumption without compromising taste or texture. ICL’s award-winning ROVITARIS® lines use plant-based proteins to create products that are virtually indistinguishable from traditional meat. These highly versatile solutions provide a wide variety of texture, color and taste applications that can be vegetarian, vegan or allergy free. Whether providing key ingredient solutions, training, formulation assistance or troubleshooting processing issues, ICL’s technical experts are committed to developing on-trend solutions that bring the best products of today and tomorrow to the market. <!--eventid629:ICL Food Specialties-->",Africa; Asia; Australia; Central/South America; Eastern Europe; Middle East; North America; Western Europe,Manufacturer: Ingredients / Additives,"Antioxidants; Dietary Fibres; Emulsifiers, Stabilisers, Thickeners",17nov2026 - 17 - nov - 2026 - 17-19 November 2026 - Messe Frankfurt - Visit us at stand 31B6,"Dr. Albert Reimann Str. 2, 68526, Ladenburg, DE",contact@ingredientsnetwork.com,+49 6203 77 7632,https://www.iclfood.com,https://www.ingredientsnetwork.com/bk-comp251476.html,251476
Guangdong Qingyunshan Pharmaceutical Co.,"Guangdong Qingyunshan Pharmaceutical&nbsp;is a GMP certificate enterprise, founded in 1989, located in Guangdong, China.&nbsp;We have production lines for plant extraction, granules, capsules and tablets with NSF/ISO9001/ISO22000/HACCP/KOSHER/HALAL certification.&nbsp;Qingyunshan is&nbsp;a government certified High-tech Enterprise integrating R&amp;D, production and sales of plant extract, functional foods&nbsp;health food and medicine.&nbsp;We have nearly 200 employees, including 50 R&amp;D personnel, and 30 quality management personnel. For a long time, Qingyunshan Pharmaceutical has given full play to the advantages of experience in the field of plant extraction and separation based on the concept of&nbsp;""technological innovation is the core driving force of enterprise development"". Qingyunshan is committed to providing high-quality products and excellent customer service.&nbsp;",Africa; Asia; Australia; Central/South America; Eastern Europe; Middle East; North America; Western Europe,Manufacturer: Ingredients / Additives,Acai; Acerola; Agaricus blazei,"18may2027 - 18 - may - 2027 - 18-20 May 2027 - Fira Barcelona Gran Via, Av. Joan Carles I, 64, 08908 L'Hospitalet de Llobregat, Barcelona, Spain - Visit us at stand 2F223","No.369, Huanchengbei Road, 512600, Shaoguan, CN",emma.hsin@taiyi-nb.com,86-574-87432607,https://web.qys.cn,https://www.ingredientsnetwork.com/guangdong-qingyunshan-pharmaceutical-co-comp296023.html,296023
Herbstreith & Fox KG Pektin-Fabriken,"H&F Group&nbsp;- Inspired by nature. Our plant-based ingredients provide outstanding functionality and precise quality, second to none. We achieve the holistic utilization of our raw materials in our value chain. We are pioneers for side-stream valorization since 1934. Herbstreith & Fox -&nbsp;The Specialists for Pectin. Herbstreith & Fox has been manufacturing high-quality pectins for the food and non-food industry&nbsp;since 1934. H&F primarily produces highly specialized pectins from apples and citrus fruits for a wide range of applications.&nbsp;As a universal&nbsp;gelling agent, thickener and stabilizer, pectin is an indispensable part of many different products today. Herbafood Ingredients - Specialist in Fruit Fibers & Apple Extracts. As a pioneer in the field of multifunctional products, we offer a comprehensive range of functional dietary fibers with a focus on fruit-derived fibers such as citrus fibers or apple fibers. Our&nbsp;HERBACEL®&nbsp;multifunctional fibers fit perfectly into ""clean & simple"" concepts such as the creation of vegan emulsions based on our fibers only, as well as stabilization, texturization, viscosity increase, etc. in various food & beverage applications. Our coloring and flavoring apple extracts are gently dried after extracting the juice.&nbsp;Depending on the type and dosage, the color spectrum of HERBAROM® ranges from a golden yellow, to a medium brown, to a deep, dark-brown shade.",Africa; Asia; Australia; Central/South America; Eastern Europe; Middle East; North America; Western Europe,Manufacturer: Ingredients / Additives,"Bitter Orange; Dietary Fibres; Dietary Fibres, Prebiotics",17nov2026 - 17 - nov - 2026 - 17-19 November 2026 - Messe Frankfurt - Visit us at stand 42M6,"Turnstr. 37, 75305, Neuenbürg/Württ, DE",info@herbstreith-fox.de,+49 708279130,https://www.herbstreith-fox.de,https://www.ingredientsnetwork.com/herbstreith-fox-kg-pektin-fabriken-comp284802.html,284802
AlzChem Trostberg GmbH,"Creapure® is recognized as the premium brand of creatine worldwide. Careful selection of raw materials, manufacturing to GMP regulations, and precise analytical control ensure products of the highest purity. Creapure® is the brand of creatine monohydrate manufactured in Germany by Alzchem Trostberg GmbH. Our plant is located in Trostberg in Bavaria. We make Creapure® in a purpose-built plant that sets the highest standards in terms of quality, purity and safety. Creapure® is an economical form of supplementary creatine. Compared to other types of creatine it has received by far the greatest amount of scientific study and is proven to be both safe and effective. Not all creatine supplements have the same stringent manufacturing standards as Creapure®. With genuine Creapure® from Germany you can be absolutely sure that you are getting the best and the safest product.",Africa; Asia; Australia; Central/South America; Eastern Europe; Middle East; North America; Western Europe,Manufacturer: Ingredients / Additives,Creatine; Other Amino acids; Other Antioxidants,"18may2027 - 18 - may - 2027 - 18-20 May 2027 - Fira Barcelona Gran Via, Av. Joan Carles I, 64, 08908 L'Hospitalet de Llobregat, Barcelona, Spain - Visit us at stand 2A174","Dr.-Albert - Frank str. 32, 83308, Trostberg, DE",info@alzchem.om,+49 8621 86 2656,https://www.alzchem.com,https://www.ingredientsnetwork.com/alzchem-trostberg-gmbh-comp248811.html,248811
dsm-firmenich,"As innovators in nutrition, health, and beauty, dsm-firmenich reinvents, manufactures, and combines vital nutrients, flavors, and fragrances for the world’s growing population to thrive. With our comprehensive range of solutions, with natural and renewable ingredients and renowned science and technology capabilities, we work to create what is essential for life, desirable for consumers, and more sustainable for the planet.",Global / International,Manufacturer: Ingredients / Additives,Algae oil; Amylase; Beta-glucans,"18may2027 - 18 - may - 2027 - 18-20 May 2027 - Fira Barcelona Gran Via, Av. Joan Carles I, 64, 08908 L'Hospitalet de Llobregat, Barcelona, Spain - Visit us at stand 2D175","Wurmisweg 576, 4303, Kaiseraugst, CH",pariya.soltani@dsm-firmenich.com,+41 61 815 7777,https://www.dsm.com/pharma/en/home.html,https://www.ingredientsnetwork.com/dsm-firmenich-comp249575.html,249575
Marinova Pty Ltd,"Marinova is an Australian biotechnology company dedicated to the development and production of high purity seaweed extracts for the betterment of human health. Marinova specialises in the research, development and manufacture of&nbsp;fucoidan&nbsp;compounds&nbsp;– highly bioactive polysaccharides derived from select species of brown seaweed.­ As the global leader in fucoidan science, Marinova is the supplier of choice to world-renowned research institutions. The company's reputation is built on the unrivalled quality and efficacy of its bioactive fucoidan extracts and two decades of rigorous scientific investigation.&nbsp; Marinova is home to the range of&nbsp;unique&nbsp;Maritech®&nbsp;organic fucoidan&nbsp;extracts -&nbsp;high purity fucoidans developed specifically for nutritional, cosmetic and animal health applications. No one knows fucoidan like Marinova – the fucoidan experts.",Asia; Australia; Eastern Europe; North America; Western Europe,Raw Material Supplier,Bioactives Other; Fucoidan; Other Algae,"18may2027 - 18 - may - 2027 - 18-20 May 2027 - Fira Barcelona Gran Via, Av. Joan Carles I, 64, 08908 L'Hospitalet de Llobregat, Barcelona, Spain - Visit us at stand 4A41","249 Kennedy Drive, 7170, Cambridge, AU",info@marinova.com.au,+31 20 708 1700,https://www.marinova.com.au,https://www.ingredientsnetwork.com/marinova-pty-ltd-comp307513.html,307513
Aromsa,"Aromsa is the leading flavour company for the food and beverage industry. We offer unique and creative flavours, extracts , sauces, fruit preparations, toppings, caramelized sugar, caramel colorants, fruit powders, enzyme modified dairy ingredients, seasoning and spice mixes. We provide an innovative and sustainable business model from creating recipes to product design, from test production to sensory analysis; combining our passion with science and advanced technology. The brand-new flavours that we design and produce for the world’s most liked brands reach millions of consumers. Aromsa is always your creative flavour partner. &nbsp;&nbsp; Production plants and R&D Center in Germany and Turkey. &nbsp;BRC-AA Grade, ISO 9001, ISO 14001, FSSC 22000 (Aromsa GmbH), ISO 27001, ISO 10002, ISO 45001 certified",Africa; Asia; Australia; Eastern Europe; Middle East; Western Europe,Manufacturer: Ingredients / Additives,Flavouring preparation; Flavouring substance; Green tea,17nov2026 - 17 - nov - 2026 - 17-19 November 2026 - Messe Frankfurt - Visit us at stand 31A4,"Gebze Organize Sanayi Bölgesi Ihsan dede Cad.700 sok.No.704, 41400, Gebze / Kocaeli., TR",aromsa@aromsa.com,+90 262 326 11 11,https://www.aromsa.com,https://www.ingredientsnetwork.com/aromsa-comp248814.html,248814
Alvinesa Natural Ingredients,"Alvinesa Natural Ingredients is a pioneer in the circular economy, spearheading the advancement in sustainable plant-based ingredients. Through innovative upcycling practices, we transform organic byproducts into valuable natural ingredients that promote healthier living. Our extensive range includes Hytolive, an olive extract standardized in Hydroxytyrosol, and Vintera, a grape extract standardized in proanthocyanidins, monomers, and anthocyanins. With a commitment to sustainability, we cater to various industries such as nutraceuticals, food, beverages, animal nutrition, and wine-making. Our portfolio boasts a wide selection of polyphenols, natural color&nbsp; from grape, natural tartaric acid,wine concentrate, &nbsp;grapeseed oil, and alcohols. At Alvinesa, we ensure a sustainable, traceable, and waste-prevention supply chain, sourcing only the highest quality raw materials. With three decades of technical expertise, we manufacture ingredients to unsurpassed quality standards at our low carbon footprint, state-of-the-art facility. Our extraction process utilizes only water, preserving the natural goodness of our ingredients. Moreover, 95% of our energy is self-produced from renewable sources, including our biomass and solar electric facilities in Ciudad Real, Spain. Recently, we proudly attained B Corp Certification, a testament to our unwavering commitment to sustainable practices and ethical standards. This certification underscores our role as stewards of the environment and communities we serve, reinforcing our pledge to operate with integrity and accountability. With a global presence spanning over 30 countries, Alvinesa continues to lead the charge towards a more sustainable future. Explore our offerings at Alvinesa.com and join us in shaping a world where sustainability and quality converge seamlessly. <!--eventid544:Alvinesa Natural Ingredients S.A.--> <!--eventid598:Alvinesa--> <!--eventid629:Alvinesa Natural Ingredients S.A.--> <!--eventid641:Alvinesa-->",Africa; Asia; Australia; Central/South America; Eastern Europe; Middle East; North America; Western Europe,Manufacturer: Ingredients / Additives,"Algae, Botanicals, Carotenoids, Flavonoids; Anthocyanins; Fats & Oils - Algae",17nov2026 - 17 - nov - 2026 - 17-19 November 2026 - Messe Frankfurt - Visit us at stand 41B17,"El campilloCtra. de Valdepeñas, Km 4,8, Pol. Ind. “El Campi, 13250, Daimiel, ES",sales@alvinesa.com,+33637149341,https://www.alvinesa.com,https://www.ingredientsnetwork.com/alvinesa-natural-ingredients-comp303625.html,303625
Corbion,"Corbion creates innovative ingredient solutions for leading food manufacturers around the world. Our expertise inspires customers to craft foods that start flavorful, stay fresh and remain safe, from date of production to date of consumption. Using sustainable solutions that deliver real, consumer-focused value, we work side-by-side with customers, helping them grow and create delicious food that capture peoples’ palates and earn their trust. At Corbion our priorities as consumers shape the solutions we create, and as a result, feel confidence and pride in serving our own families and friends the products we help make possible.&nbsp;",Africa; Asia; Australia; Central/South America; Eastern Europe; Middle East; North America; Western Europe,Manufacturer: Ingredients / Additives,"Antioxidants; Citric acid; Fungi & Yeasts, Microorganisms & Probiotics, Mushrooms","18may2027 - 18 - may - 2027 - 18-20 May 2027 - Fira Barcelona Gran Via, Av. Joan Carles I, 64, 08908 L'Hospitalet de Llobregat, Barcelona, Spain - Visit us at stand 3D269","Arkelsedijk 46, 4206 AC, Gorinchem, NL",pnl@corbion.com,+31 183695695,https://www.corbion.com/,https://www.ingredientsnetwork.com/corbion-comp248900.html,248900
Havero Hoogwegt Meelunie,"Hoogwegt provides an extensive range of milk powders, butter fats, and whey products for the world dairy market. Hoogwegt is the world’s largest privately owned supplier of dairy products. We are supported by a unique global network of partners, 50 years of experience and a team of 80 commercial, technical and logistics experts. This enables us to add vision and value to your business, providing you with consistently high-quality products, real-time market intelligence, smart logistic services and tailored risk management solutions. Havero Hoogwegt presents its complete portfolio of dairy ingredients with focus on:- Hapro Yo functional dairy proteins for yoghurt; Hapro Ice dairy formulations for cost price reduction in ice; Hapro Cheese ready to use, based on milk protein, for analogue cheese; Dairy proteins rennet and acid casein - caseinate, MPC 50 - 85; Whey derivatives -whey protein concentrate 30 - 80, whey protein isolate, whey protein hydrolysate, whey permeate and milk permeate. We are selling for usage in following applications:- yoghurt, ice cream, chocolate, cheese, bakery, sweets, desserts, health & sports nutrition.Both Hoogwegt companies at FiE are ISO&nbsp;22000 certified and IFS Broker certified. <!--eventid629:Hoogwegt Havero Meelunie-->",Africa; Asia; Australia; Central/South America; Eastern Europe; Middle East; North America; Western Europe,Raw Material Supplier,"Amino acids; Carbohydrates, Sugars; Casein",17nov2026 - 17 - nov - 2026 - 17-19 November 2026 - Messe Frankfurt - Visit us at stand 51C8,"Amsterdamseweg 60, 6814 CP, Arnhem, NL",info@havero.nl,+31 26 322 8520,https://www.havero.nl,https://www.ingredientsnetwork.com/havero-hoogwegt-meelunie-comp249014.html,249014
Paradise Fruits by Jahncke,"Paradise Fruits Solutions and Paradise Fruits Health are part of the Paradise Fruits Group – a trusted and innovative partner for natural fruit-based ingredients and functional food solutions. With roots in Northern Germany and decades of experience, we serve the global food and nutraceutical industries with tailor-made concepts that combine the power of fruit with exceptional functionality. Paradise Fruits SolutionsAs a market leader in highly concentrated fruit ingredients, Paradise Fruits Solutions offers a wide range of granulates, fruit pastes, drops, and shapes. Our products are naturally made, with nearly up to 100% fruit content, and designed to meet specific processing and application needs – including baking, snacking, and cereal products. From clean label to organic and allergen-free, we help our customers create products that taste as good as they look. Paradise Fruits HealthParadise Fruits Health focuses on functional fruit-based supplements, using an innovative fruit matrix that contains no added sugar, artificial colors, or preservatives. Our solutions are tailored to support specific health goals – including immunity, energy, gut health, and cognition – and can be enriched with vitamins, botanicals, minerals, and probiotics. Ideal for children, active consumers, and health-conscious lifestyles. Together, we bring flavor, functionality, and natural innovation to the table – and help brands develop products that are not only effective, but enjoyable to consume. Paradise Fruits – Naturally Functional. Simply Better. <!--eventid544:Paradise Fruits Solutions GmbH & Co. KG--> <!--eventid598:Paradise Fruits Solutions GmbH & Co. KG--> <!--eventid629:Paradise Fruits | by Jahncke-->",Africa; Asia; Australia; Central/South America; Eastern Europe; Middle East; North America; Western Europe,Contract Manufacturer|Manufacturer: Finished Food Products|Manufacturer: Ingredients / Additives,Bioactive Compounds - Other; Botanicals; Food Substitute Ingredient Mixtures,17nov2026 - 17 - nov - 2026 - 17-19 November 2026 - Messe Frankfurt - Visit us at stand 31A80,"Asseler Strasse 110, 21706, Drochtersen, DE",solutions@paradise-fruits.de,+49 4148 615 111,https://www.paradies-frucht.de,https://www.ingredientsnetwork.com/paradise-fruits-by-jahncke-comp251301.html,251301
U.G.A. NUTRACEUTICALS SRL UNIPERSONALE,"U.G.A. Nutraceuticals ia a leading italian manufacturer of high-quality omega-3 dietary supplements,&nbsp;Since 2005, the company has distinguished itself through advanced research and development of unique formulations, ensuring maximum bioavailability and digestibility. Using top-quality fish and selected ingredients, U.G.A. Nutraceuticals offers the most performing supplements, to help sustain the physical needs of different ages, specific gender support, new lifestyles choices, or prevention Prestigious certifications, such as IFOS and Friends Of The Sea, attest to the commitment of U.G.A. Nutraceuticals to quality and excellence.Our products target specific needs in areas of cardiology, pregnancy, infant nutrition, mental health, and wellness, with our lines, including Omegor, VitaDHA, Meaquor, Cardiol Forte, Endoplaq, Eulipid, Ferrolip and Restoraflor. &nbsp; <!--eventid544:U.G.A. Nutraceuticals S.r.l.--> <!--eventid598:U.G.A. Nutraceuticals S.r.l.-->",Africa; Asia; Eastern Europe; Middle East; Western Europe,Manufacturer: Finished Food Products,Algae oil; Cardamom; Fish oil,"18may2027 - 18 - may - 2027 - 18-20 May 2027 - Fira Barcelona Gran Via, Av. Joan Carles I, 64, 08908 L'Hospitalet de Llobregat, Barcelona, Spain - Visit us at stand 2F65","Via Leonardo Da Vinci 129/C, 06024, Gubbio, IT",marketing@uganutraceuticals.com,+31 20 708 1700,https://www.uganutraceuticals.com/,https://www.ingredientsnetwork.com/u-g-a-nutraceuticals-srl-unipersonale-comp307618.html,307618
Brenntag Holding GmbH,"Brenntag Nutrition: Nourishing Innovation, Technology and Quality Welcome to Brenntag Nutrition – your trusted partner in the dynamic world of food, health, and nutritional ingredients. At Brenntag Nutrition, we are the expert of ingredients in every aspect and understand the importance of quality, innovation, and sustainability in nurturing a healthier tomorrow. Our global reach and local expertise allow us to source and supply a comprehensive range of high-quality nutritional ingredients to meet the evolving needs of our customers. &nbsp; Our Services: Ingredient Sourcing & Distribution: Leveraging our extensive global network, we source the finest nutritional ingredients from reputable suppliers worldwide. Custom Formulation & Solutions: Our team of experts work closely with clients to develop custom formulations that meet expectations and regulatory requirements. Market Insights & Trends: We provide valuable insights into market trends and consumer preferences, helping our clients stay ahead in the competitive nutrition industry. Regulatory Support & Compliance: compliance with regulatory standards is paramount. Our Commitment: Quality Assurance: We adhere to the highest standards of quality, safety, and efficacy in all our products and services. Sustainability: Committed to environmental stewardship, we prioritize sustainable practices across our operations and supply chain. Innovation: At the heart of Brenntag Nutrition lies our dedication to innovation, continually exploring new ingredients, technologies, and solutions to meet the nutritional needs of tomorrow. Why Choose Brenntag Nutrition? Global Expertise, Local Touch: Our global presence, combined with local market know...",Africa; Asia; Australia; Central/South America; Eastern Europe; Middle East; North America; Western Europe,Distributor,Hydroxypropyl starch; Nutrition ingredient mixture; Other Flavourings,17nov2026 - 17 - nov - 2026 - 17-19 November 2026 - Messe Frankfurt - Visit us at stand 31H46,"Messeeallee 11, D 45131, Essen, DE",contact@ingredientsnetwork.com,+351 914328108,https://www.brenntag.com,https://www.ingredientsnetwork.com/brenntag-holding-gmbh-comp248703.html,248703
Uelzena EG,"Success needs best ingredients.Uelzena eG is a dairy cooperative located in Northern Germany near to Hamburg. Together with its subsidiary WS Warmsener Spezialitäten the milk specialist produces a high-quality milk based ""Uelzena Ingredients"" range and provides comprehensive contract processing services. The ingredients range for the baking, confectionery and delicatessen industry includes skimmed milk powder, buttermilk powder, anhydrous milk fat,&nbsp;sweetened condensed milk, cream and ice mixes as well as customized milk fat products and compounds.&nbsp;The contract processing services are focused on drying&nbsp;flavors, plant extracts and&nbsp;natural colours as well as vitamins and&nbsp;minerals.&nbsp;Contract processing of butter and anhydrous milkfat, fractionation as well as standardizing and manufacturing of cream products complete this services.&nbsp; Milk powder ›&nbsp; Low Heat and Medium Heat skimmed&nbsp; milk powder ›&nbsp; Standardised skimmed&nbsp; milk powder ›&nbsp; Partly standardised skimmed&nbsp; milk powder ›&nbsp; Non-standardised skimmed&nbsp; milk powder › &nbsp;Buttermilk powderMilk fats (standard) ›&nbsp; Anhydrous&nbsp; milk fat ›&nbsp; Butterfat with&nbsp; vanillin or carotene ›&nbsp; Butterfat fine or softened&nbsp; with&nbsp; nitrogen ›&nbsp; German best quality butter ›&nbsp; Butter containing added vanillin or caroteneMilk fats (individual) ›&nbsp; Milk&nbsp; fat with&nbsp; defined&nbsp; melting point ›&nbsp; Liquid (pumpable) milk fat ›&nbsp; Premixes from&nbsp; milk fat and ingredients ›&nbsp; Decolorized white&nbsp; milk fat ›&nbsp; Milk&nbsp; fat fractions ›&nbsp; Blends from&nbsp; milk and plant fatsMilk&nbsp;products ›&nbsp; Sweetened condensed milk with&nbsp; various levels of fat ...",Africa; Asia; Central/South America; Middle East; Western Europe,Manufacturer: Ingredients / Additives,"Cream - cow; Ingredient Mixtures, Synbiotics; Milk - cow",Fi Europe & Global Food Ingredients Expos,"Im Neuen Felde 87, 29525, Uelzen, DE",marketing@uelzena.de,+49 581 806 6162,https://www.ingredients.uelzena.com,https://www.ingredientsnetwork.com/uelzena-eg-comp249295.html,249295
FONTERRA (EUROPE) COOPERATIE U.A.,We are a New Zealand Co-operative made up of everyday good people who work together to do good things with dairy. Good things with the land we work on and good things for the people that our products end up with. We are passionate about doing amazing things with dairy. <!--eventid629:Fonterra-->,Africa; Asia; Central/South America; Eastern Europe; Middle East; North America; Western Europe,Manufacturer: Ingredients / Additives,"Casein; Proteins, Enzymes, Amino Acids; Dairy",17nov2026 - 17 - nov - 2026 - 17-19 November 2026 - Messe Frankfurt - Visit us at stand 30F8,"Eurocenter 13th Floor, Barbara Strozzilaan 388, 1083 HN, Amsterdam, NL",fonterra.europe@fonterra.com,+31 20 7075 300,https://www.fonterra.com,https://www.ingredientsnetwork.com/fonterra-europe-cooperatie-u-a-comp249849.html,249849
Emsland Group,"The Emsland Group is an internationally operating company that sustainably manufactures innovative, plant-based products that are essential elements in a wide range of food, animal nutrition and technical applications. Founded in 1928, the company has grown to be Germany’s largest producer of potato starch and a global leader in producing modified starches, proteins, fibers, potato flakes and granules. “Using nature to create” is at the core of our value-creation model: working sustainably and in harmony with our natural resources in every idea we generate and each product we produce. With over seven production locations in Germany, the Emsland Group serves customers in over 100 countries and consists of approximately 1,500 employees worldwide. For more information about the Emsland Group, visit: www.emsland-group.com",Africa; Asia; Australia; Central/South America; Eastern Europe; Middle East; North America; Western Europe,Manufacturer: Ingredients / Additives,Amino acids; Dextrins; Dietary Fibres,17nov2026 - 17 - nov - 2026 - 17-19 November 2026 - Messe Frankfurt - Visit us at stand 31H20,"Emslandstarke 58,, DE",info@emsland-group.de,+49 59438130,https://www.facebook.com/emslandgroup,https://www.ingredientsnetwork.com/emsland-group-comp248921.html,248921
Bayerische Milchindustrie eG,"The BMI offers, as a result of its efficient research and decades of experience in technical production processes related to powder products, whey derivatives under the brand ""Bayolan"". They are primarily utilised as different ingredients for the food industry. Apart from sweet whey powder, spray dried, for use in pastries/confectionaries, bars and drinks, is a wide range of special products included with excellent processing qualities and functionalities. Almost all products are available in organic, halal and kosher&nbsp;quality. We are one of the largest German manufacturers of whey powder and the largest provider of organic whey powder with expertise in all areas related to standardised semi-finished products. Customised solutions are our special subject.",Africa; Asia; Central/South America; Eastern Europe; Middle East; Western Europe,"Contract Manufacturer|Distributor|Food Safety, Quality and Service|Raw Material Supplier",Casein; Dairy Ingredients; Dietary Fibres,17nov2026 - 17 - nov - 2026 - 17-19 November 2026 - Messe Frankfurt - Visit us at stand 30F86,"E.ON-Allee 1, 84036, Landshut, DE",sales@bmi-eg.com,+49 8716850,https://www.bmi-eg.com,https://www.ingredientsnetwork.com/bayerische-milchindustrie-eg-comp248775.html,248775
Milei GmbH,"We at MILEI have focused intensively and exclusively on one task: The enrichment and fractionation of valuable ingredients from milk and whey. In an increasingly dynamic market, the diverse nutritional properties and technological functions of whey proteins are becoming even more important. Because of this, our goal is the development of innovative top-quality products that are precisely tailored to the different requirements and application areas of our customers. <!--eventid641:Morinaga Milk Industry Co Ltd-->",Africa; Asia; Australia; Central/South America; Eastern Europe; Middle East; North America; Western Europe,Manufacturer: Ingredients / Additives,"Amino acids; Bifidobacterium; Carbohydrates, Sugars",17nov2026 - 17 - nov - 2026 - 17-19 November 2026 - Messe Frankfurt - Visit us at stand 30H48,"Kemptener Str. 91, 88299, Leutkirch, DE",info@milei.de,+49 7561 85 0,https://www.milei.de,https://www.ingredientsnetwork.com/milei-gmbh-comp248738.html,248738
Interfiber Sp.z o.o.,"Interfiber is a premier global supplier of natural origin fibers, with an expansive presence in over 70 countries worldwide. Our commitment to excellence has positioned us as a trusted partner within the food industry, where we specialize in delivering innovative solutions designed to enhance product quality, optimize production processes, and support sustainable practices.Interfiber's innovative approach extends beyond product development. We collaborate closely with our clients to provide professional, customized service that addresses specific challenges and goals. Our team of experts is dedicated to supporting our partners with cutting-edge research, technical assistance, and continuous improvement initiatives.As a symbol of excellence, efficiency, and ingenuity, Interfiber is committed to advancing a healthier global food industry. We believe that through our natural fiber solutions, we can contribute to a more sustainable and nutritious food supply, benefiting both producers and consumers alike. Our vision is to lead the way in natural fiber innovation, setting new standards for quality and sustainability in the food industry The quality of our products is confirmed by the following certificates: BRCS, ISO 9001, ISO 22000, KOSHER, HALAL, HACCP, ISO 14001.",Africa; Asia; Australia; Central/South America; Eastern Europe; Middle East; North America; Western Europe,Manufacturer: Ingredients / Additives,Carob; Cereals & Grains; Dietary Fibres,17nov2026 - 17 - nov - 2026 - 17-19 November 2026 - Messe Frankfurt - Visit us at stand 31H32,"Wolominska 15, 05-205, Lipka, PL",office@interfiber.com,+48 22 648 25 09,https://www.interfiber.com,https://www.ingredientsnetwork.com/interfiber-sp-z-o-o-comp249048.html,249048
AB-BIOTICS,"AB-BIOTICS is a leading probiotics player inspired by developing probiotic solutions at the forefront of an expanding field. Whether you are interested in unique, patented strains with characterized mechanisms of action, premium probiotic solutions targeting specific therapeutic areas, or finished products with easily-communicated benefits, our agile approach allows us to adapt to your needs. With science at the heart of everything we do, our strains, blends and market-ready products are supported by robust scientific documentation. Our global footprint gives us a unique view of the ever-changing probiotic landscape enabling us to offer regulatory support in not only supplements, and functional foods but also OTC and medical applications to meet the needs of consumers worldwide. <!--eventid611:Ab-Biotics-->",Asia; Australia; Central/South America; Eastern Europe; Middle East; Western Europe,Manufacturer: Ingredients / Additives,Bacillus coagulans; Chitin-glucan; Lactobacillus,"18may2027 - 18 - may - 2027 - 18-20 May 2027 - Fira Barcelona Gran Via, Av. Joan Carles I, 64, 08908 L'Hospitalet de Llobregat, Barcelona, Spain - Visit us at stand 2D69","Av. Can Fatjó dels Aurons, 3, MAPRE CUBS 1, 4 floor Sant Cugat del Vallès, 08174, Barcelona, ES",contact@ingredientsnetwork.com,+34 902 903 844,https://www.ab-biotics.com,https://www.ingredientsnetwork.com/ab-biotics-comp306502.html,306502
"REEPHOS CHEMICAL(LYG) CO.,LTD.","Reephos chemical co., ltd is a leading Chinese manufacturer of food grade phosphates, phosphates blends and minerals with applications in meat, poultry, fish, seafood, baking, beverage, cheese, dairy, noodles, and nutritional supplements. Step by step, reephos is growing into a global phosphates supplier offering strong technical support to our customer all over the world.",Africa; Asia; Australia; Central/South America; Eastern Europe; Middle East; North America; Western Europe,"Food Safety, Quality and Service",Acidulants; Anti-caking agents; Calcium citrate,17nov2026 - 17 - nov - 2026 - 17-19 November 2026 - Messe Frankfurt - Visit us at stand 30G20,"No.26 Linpu Road, 222000, Lianyungang Jiangsu, CN",sales@reephos.com,+86 51 885616669,https://www.reephos.com,https://www.ingredientsnetwork.com/reephos-chemicallyg-co-ltd-comp249492.html,249492
Chongqing Chuandong Chemical (Group) Co.,"The leading manufacturer of Phosphoric Acid + Poly Phosphoric Acid 105% + Sodium Tripolyphosphate ( STPP ) + Sodium Hexametaphosphate ( SHMP ) + Formic Acid in China and the world. Chongqing Chuandong Chemical (Group) Co., Ltd., founded in 1958.There are five production bases in Chongqing, Guizhou, Sichuan and Guangxi. The main products are phosphate, formate and fine chemicals (chemical reagents, pharmaceutical intermediates, electronic chemicals). The products are mainly sold to more than 20 domestic provinces and cities and have been exported to Europe, America, Japan, South Korea and the countries and regions in Southeast Asia. The company is China chemical enterprise Top 500, China inorganic salt Top 50, China private enterprise Top 500, China phosphorus chemical industry Top 10, China petrochemical excellent private enterprise, Chongqing private enterprise Top 50 and Chongqing the first famous brand enterprise. The main product sodium tripolyphosphate was awarded China top brand product, and the formic acid and sodium hexametaphosphate were awarded Chongqing top brand products. The company takes quality, technology and brand as the keyvalue. The company quality management system is based on ISO9001 which is systematic, scientific, strong controllability. The company has always focused on using technology innovation to improve the adaptability of the products, cultivating brand competitiveness, there are new products and technological transformation project every year. Now three patents have been used in production . The company owns phosphate rock that achieves the perfect combination of resources and technology. The main product sodium tripolyphosphate has established and enjoyed good reputation in domestic and world market. Products Phosphoric Acid 85%min. Poly Phosphoric Acid 105%min. Sodium Tripolyphosphate ( STPP ) tech. grade + food grade Sodium Hexametaphosphate ( SHMP ) tech. grade + food grade Trisodium Phosphate Formic Acid <!--eventid596:Chongqing Chuandong Chemical (Group) Co., Ltd.--> <!--eventid629:Chongqing Chuandong Chemical Group-->",Africa; Asia; Australia; Central/South America; Eastern Europe; Western Europe,Manufacturer: Ingredients / Additives,"Acetic acid; Diphosphates; Emulsifiers, Stabilisers, Thickeners",17nov2026 - 17 - nov - 2026 - 17-19 November 2026 - Messe Frankfurt - Visit us at stand 42J6,"No 70 Danzishi New Street, Nanan District, 400000, Chongqing, CN",export3@cd1958.com,+8613594080824,https://en.cd1958.com,https://www.ingredientsnetwork.com/chongqing-chuandong-chemical-group-co-comp285498.html,285498
GOED,"GOED is the only organization focused specifically on increasing consumption of EPA and DHA omega-3s around the world. Our 200+ members represent the entire supply chain from fisheries and crude oil suppliers to refiners, concentrators and brands. GOED's extensive network helps members expand and grow their businesses. Our activities focus on maintaining quality standards, educating consumers and healthcare professionals, furthering the science, and advocating for members with governments and NGO’s throughout the world. We also offer comprehensive data on the global omega-3 supply chain, consumer market research in 20+ countries and scientific, regulatory and technical expertise.",Africa; Asia; Australia; Central/South America; Eastern Europe; Middle East; North America; Western Europe,Government /Pavilion Organiser /Trade Association,Algae oil; Fats & Oils - Algae; Fish oil,"18may2027 - 18 - may - 2027 - 18-20 May 2027 - Fira Barcelona Gran Via, Av. Joan Carles I, 64, 08908 L'Hospitalet de Llobregat, Barcelona, Spain - Visit us at stand 3D235A","222 South Main Street, Suite 500, 84101, Salt Lake City, US",info@goedomega3.com,+1 (504) 224-9618,https://www.goedomega3.com,https://www.ingredientsnetwork.com/goed-comp264620.html,264620
Epax Norway AS,"Part of Norwegian fishery giant Pelagia AS, Epax Norway AS is a leading manufacturer of concentrated marine oils. Epax has been an innovator for over 180 years. Since 1838, when it began producing premium quality cod liver oil, Epax has transformed the marine ingredients sector. It invented the technology to concentrate fish oil as an ethyl ester, and to re-esterify oils back to TG-form. It was also the first company to create condition-specific EPA/DHA ingredients backed by science. Today Epax continues to deliver Omega-3 and new, innovative marine ingredients of unmatched purity and quality. The Epax production facility in Aalesund, Norway has, in addition to all standard manufacturing certifications/approvals, been approved by the US FDA for manufacture of Pharmaceutical Intermediates and by the Norwegian Medical Products Agency (Direktoratet for medisinske produkter) for the production of Active Pharmaceutical Ingredients (APIs).",Africa; Asia; Australia; Central/South America; Eastern Europe; Middle East; North America; Western Europe,Manufacturer: Ingredients / Additives,Algae oil; Amino acids; Fatty acids,"18may2027 - 18 - may - 2027 - 18-20 May 2027 - Fira Barcelona Gran Via, Av. Joan Carles I, 64, 08908 L'Hospitalet de Llobregat, Barcelona, Spain - Visit us at stand 3D209","Aarsæthervegen 17, Ålesund, NO",sarah.christianslund@pelagia.com,+47 70 135 960,https://www.epax.com,https://www.ingredientsnetwork.com/epax-norway-as-comp271743.html,271743
Golden Omega S.A.,"Golden Omega is a Chilean Company focused on producing high quality Omega-3 concentrates up to 75% of EPA and DHA obtained from fish oil. Golden Omega’s state-of-the-art production facilities are located in Northern Chile, close to the raw material source. This guarantees an assured supply of high quality fish oil. Our shareholders are Orizon S.A. and Corpesca S.A. Chilean leader fishing companies which belong to Empresas Copec S.A., one of the largest companies publicly traded in Chile, with operations worldwide in natural resources (forestry, fisheries) and energy (fuel and power generation). <!--eventid598:Golden Omega-->",Global / International,Contract Manufacturer,Algae oil; Fish oil; Cardiovascular Health,"18may2027 - 18 - may - 2027 - 18-20 May 2027 - Fira Barcelona Gran Via, Av. Joan Carles I, 64, 08908 L'Hospitalet de Llobregat, Barcelona, Spain - Visit us at stand 3G193","Avenida Comandante San Martin 3460 Lote B2, 100819, Arica, CL",claudio.aracena@goldenomega.cl,+56994352314,https://www.goldenomega.cl,https://www.ingredientsnetwork.com/golden-omega-s-a-comp272786.html,272786
ABF Ingredients Group,"ABF Ingredients offers innovative, differentiated products and services to the Food, Health and Nutrition, Pharmaceutical, Animal Health and Industrial sectors. It comprises of seven businesses operating worldwide under their own identities: AB Biotek Human Nutrition & Health (microbiome modulating solutions), AB Enzymes (enzymes), ABITEC Corp. (specialty lipids and surfactants), Fytexia (polyphenols), Ohly (yeast extracts and culinary powders), PGP International (extruded ingredients and specialty flours) and SPI Pharma (pharmaceutical excipients and antacids).",Africa; Asia; Australia; Central/South America; Eastern Europe; Middle East; North America; Western Europe,Manufacturer: Ingredients / Additives,"Amylase; Emulsifiers, Stabilisers, Thickeners; Enzymes",17nov2026 - 17 - nov - 2026 - 17-19 November 2026 - Messe Frankfurt - Visit us at stand 31D20,"1 Samson Place, PE7 8QJ, Peterborough, GB",info@abfingredients.com,+44 (0) 1733 427816,https://www.abfingredients.com,https://www.ingredientsnetwork.com/abf-ingredients-group-comp279192.html,279192
HALAVET GIDA SAN VE TIC A.S.,"Halavet Gıda, established in 2011, is the largest edible bovine gelatin producer in Europe. The company, operating in Istanbul and Bolu with its factories, manufactures halal gelatin and collagen peptides, and distributes its products to more than 70 countries worldwide.Halavet Gıda produces high value products such as edible bovine skin gelatin and collagen peptides with annual 20.000 MT gelatin and 7.000 MT collagen peptide production capacity.The company conducts environmentally friendly production with dynamic expert teams and modern technology. Specializing in collagen-based products, Halavet Gıda serves as an indispensable partner to companies in the food, pharmaceutical, and cosmetic industries, positioning itself as a globalized company. With a skilled workforce, Halavet Gıda exceeds customer expectations by producing high-quality products in environmentally friendly, modern, and innovative production processes.",Africa; Asia; Australia; Central/South America; Eastern Europe; Middle East; North America; Western Europe,Manufacturer: Ingredients / Additives,Collagen - Bovine; Collagen - Porcine; Collagen - Poultry,17nov2026 - 17 - nov - 2026 - 17-19 November 2026 - Messe Frankfurt - Visit us at stand 31H56,"Deri Org. San. Bolgesi 12 Yol L3-4C Parcel Tuzia Istanbul, 34956, Istanbul, TR",info@halavet.com,+902163941995,https://www.halavet.com,https://www.ingredientsnetwork.com/halavet-gida-san-ve-tic-a-s-comp248828.html,248828
Health Sources Nutrition Co Ltd.,"Since our inception in 2010, our tech-focused company has consistently placed a strong emphasis on exceptional customer service and product usability. Our commitment to delivering top-notch market service capabilities is evident in our streamlined logistics, competitive pricing strategies, flexible payment options, and reliable product supply chain. Through innovative techniques such as microencapsulation, dilution, granulation, and premixing, we optimize the usability of ingredients to facilitate seamless product processing. Our primary mission revolves around providing customers with user-friendly products that meet their evolving needs. With prestigious certifications including BRCGS (A+ Grade), HACCP, and ISO22000, we uphold rigorous standards of quality and safety across all our operations. These certifications underscore our unwavering dedication to maintaining excellence in all aspects of our business. Whether you are embarking on the development of a new product or seeking to enhance an existing one, we stand ready to collaborate with you to bring your product vision to life. By partnering with us, you can streamline your supply chain, accelerate product launches, and implement robust quality control measures to fortify your market position. <!--eventid611:Health Sources Nutrition Co., Ltd.-->",Asia; Australia; Eastern Europe; North America; Western Europe,Raw Material Supplier,"Algae, Botanicals, Carotenoids, Flavonoids; Bioactive Compounds - Other; Calcium citrate",17nov2026 - 17 - nov - 2026 - 17-19 November 2026 - Messe Frankfurt - Visit us at stand 30N74,"4A-Building A3, 2nd Liheng Industrial Park Fanhua Road, 230092, Hefei, CN",sam@health-sources.com,+86 18955115990,https://www.health-sources.com,https://www.ingredientsnetwork.com/health-sources-nutrition-co-ltd-comp279072.html,279072
Jayanti,"For over eight decades, Jayanti has supplied herbs, spices and botanicals to food and beverage brands worldwide. Today, we're a diversified agri-commodities partner serving both B2B and retail markets, and our customers rely on us for consistent quality, dependable supply and integrity at every step.&nbsp;We work close to where our crops grow. With manufacturing in India and Turkiye, our facilities sit next to some of the world's richest growing regions for spices and herbs. That proximity means fresher produce, faster processing and shorter, more efficient supply chains, so we can respond quickly when your needs change. At Fi Europe 2026, meet the Jayanti team to explore how our ingredients and expertise can support your next product. Whether you're securing reliable supply, managing costs or developing something new, we're ready to help you get there, while creating lasting value for our farming communities, our people and the planet.",Asia; Australia; Central/South America; Eastern Europe; Middle East; North America; Western Europe,Manufacturer: Food & Beverage Finished Products,Basil; Black Pepper; Botanicals,17nov2026 - 17 - nov - 2026 - 17-19 November 2026 - Messe Frankfurt - Visit us at stand 42L6,"Route des Gouttes-d'Or 24a, 2000, Neuchâtel, CH",info@jayanti.com,+41 32 96 79 595,https://www.jayanti.com,https://www.ingredientsnetwork.com/jayanti-comp249064.html,249064
HERONSBILL,"Beijing Heronsbill Food Material Co Ltd is a high-tech enterprise involved in manufacturing, sales, research and development. Heronsbill sells various food ingredients and food additives, including :- Instant tea powder series, Food grade flavor series, Concentrated fruit and vegetable juice series and Food additives series. The food additives mainly consist of sweeteners, vitamins, Mal-&beta;-CD , pectin, etc. Our products have been sold to Europe and America, Africa, Japan and South Korea, and Australia.",Africa; Asia; Central/South America; Eastern Europe; North America; Western Europe,Manufacturer / Supplier: Ingredients,Acesulfame-K; Additives incl. Flavourings & Colours; Alpha-lipoic acid,17nov2026 - 17 - nov - 2026 - 17-19 November 2026 - Messe Frankfurt - Visit us at stand 31A90,"Room1901,Building No.1 King Mansion Plaza, 100176, RongHua South, CN",sales@bjheronsbill.cn,+86 010-87220517,https://www.bjheronsbill.cn,https://www.ingredientsnetwork.com/heronsbill-comp249441.html,249441
Parmovo S.R.L,"Parmovo was founded in 1978 in Colorno, in the province of Parma, and has been conducting the business of selecting and selling eggs from the same place ever since.&nbsp; In 1980, Parmovo began transforming eggs into egg-product derivatives, pasteurized, homogenized, yolks, whites and whole eggs, intended as ingredients for food using a pasteurized egg base such as pasta, desserts, biscuits, ice-cream, mayonnaise, etc.",Asia; Australia; Central/South America; Eastern Europe; Middle East; North America; Western Europe,Raw Material Supplier,Egg protein; Egg white; Egg yolk,17nov2026 - 17 - nov - 2026 - 17-19 November 2026 - Messe Frankfurt - Visit us at stand 30D98,"Frazione Sanguigna 21/A, 43052, Colorno (Parma), IT",info@parmovo.com,+39 0521 816421,https://www.parmovo.com,https://www.ingredientsnetwork.com/parmovo-s-r-l-comp249171.html,249171
Solutex GC SL,"Pioneering omega-3 ingredient excellence since 2004 A leading omega-3 supplier to the global dietary supplements, medical nutrition, and pharmaceutical industries, our vision is to deliver healthier lives for all through sustainable innovation. The health benefits and nutritional potential of highly concentrated omega-3 EPA and DHA fatty acids and their derivatives are almost limitless. That’s why we specialize in omega-3 technology and ingredient development – it’s everything we do, and we believe there’s still even more to discover. Made in Europe. Delivered globally. At Solutex, we create unique, high-quality fish and algae-sourced omega-3 ingredients, manufactured in Europe for brands all over the world. Our unrivaled range of formulation and purification ingredient options are designed to meet every customer’s need. Driving the future of omega-3s We’re always asking: “What’s next?” We constantly challenge ourselves to seek new ways to advance human health through biolipid research and technology while considering the impact on our planet. Take our supercritical CO2 purification process, which isolates EPA and DHA from omega-3 oil sources – it delivers unrivaled quality and product differentiation through proven green chemistry. Plus, we’re pioneers in Specialized Pro-Resolving Mediators (SPMs) for immune-nutrition support – delivered via our IP-protected Lipinova® ingredient brand and our Resolution Physiology Laboratory in Spain that allows us to observe SPM levels of activity, and inflammatory parameters in biological samples. <!--eventid544:SOLUTEX--> <!--eventid598:SOLUTEX-->",Asia; Australia; Eastern Europe; Middle East; North America; Western Europe,Manufacturer: Ingredients / Additives,Algae oil; Bioactive Compounds - Other; Fats & Oils - Algae,"18may2027 - 18 - may - 2027 - 18-20 May 2027 - Fira Barcelona Gran Via, Av. Joan Carles I, 64, 08908 L'Hospitalet de Llobregat, Barcelona, Spain - Visit us at stand 3G182","Av. de la Transición Española, 24, Planta 3, 28108, Alcobendas, ES",sales@solutexcorp.com,+34 91 806 04 77,https://www.linkedin.com/company/solutex/,https://www.ingredientsnetwork.com/solutex-gc-sl-comp307595.html,307595
ADM,"At ADM, we unlock the power of nature to provide access to nutrition worldwide. With industry-advancing innovations, a complete portfolio of ingredients and solutions to meet any taste, and a commitment to sustainability, we give customers an edge in solving the nutritional challenges of today and tomorrow. We’re a global leader in human and animal nutrition and the world’s premier agricultural origination and processing company. Our breadth, depth, insights, facilities and logistical expertise give us unparalleled capabilities to meet needs for food, beverages, health and wellness, and more. From the seed of the idea to the outcome of the solution, we enrich the quality of life the world over.&nbsp;",Africa; Asia; Australia; Central/South America; Eastern Europe; Middle East; North America; Western Europe,Manufacturer: Food & Beverage Finished Products|Manufacturer: Ingredients / Additives,Colours; Flavouring preparation; Flavouring substance,17nov2026 - 17 - nov - 2026 - 17-19 November 2026 - Messe Frankfurt - Visit us at stand 31G90,"Rudolf-wild-Strasse 107-115, 69214, Heidelberg/ Eppelheim, DE",esther.dechaud@adm.com,+49 6221 799 9488,https://twitter.com/admupdates,https://www.ingredientsnetwork.com/adm-comp280113.html,280113
Concordix by Vitux,"Concordix is the first and only dietary supplement Designed for Your Body. Developed using high-tech Nordic food science, Concordix Supplements utilize our patented emulsion technology to deliver nutrients within billions of oil droplets in a gelatin matrix, mirroring the structure of food for optimal digestion and nutrient absorption. This eliminates the unpleasant side effects typically associated with less digestible supplement formats and has been clinically shown to increase nutrient uptake by 44.9% compared to softgels. Concordix Supplements can hold up to 800 mg of fish oil and 600 mg of omega-3 in a single piece, equivalent to taking approximately 20 standard gummy vitamins, but without any sugar. Additionally, Concordix Supplements are individually sealed in blister sheets to protect the delicate nutrients from oxidation and ensure stability throughout the product's shelf life.&nbsp; <!--eventid544:Vitux AS-->",Africa; Asia; Australia; Central/South America; Eastern Europe; Middle East; North America; Western Europe,Contract Manufacturer,Algae; Algae oil; Fish oil,"18may2027 - 18 - may - 2027 - 18-20 May 2027 - Fira Barcelona Gran Via, Av. Joan Carles I, 64, 08908 L'Hospitalet de Llobregat, Barcelona, Spain - Visit us at stand 3D191","Brynsveien 11, 667, Oslo, NO",info@concordix.com,+31 20 708 1700,https://concordix.com/,https://www.ingredientsnetwork.com/concordix-by-vitux-comp307628.html,307628
"HIGH HOPE FOODS (NANJING) CO.,LTD.","HIGH HOPE FOODS is a leading supplier of Hydrocolloids and Cellulose Derivatives based in China, with over 20 years of experience serving international markets. Our main product lines include Carrageenan, Sodium Alginate, Konjac Gum and Cellulose Derivatives such as CMC, MCC, MCC Gel, MC, HPC and HPMC. These products are widely used in various food applications, including meat processing, dairy, bakery, and confectionery. We are committed to delivering high-quality products manufactured under internationally recognized management systems such as ISO, HACCP, and BRC. All our offerings are also certified HALAL and KOSHER, meeting the highest standards for global markets. Our dedication to quality, competitive pricing, and professional service has earned us long-term partnerships with reputable clients across Europe, North America, and other international regions. HIGH HOPE FOODS – the professional & reliable partner you can trust.",Asia; Australia; Eastern Europe; North America; Western Europe,Distributor,Agar; Alginic acid - alginates; Carrageenan,17nov2026 - 17 - nov - 2026 - 17-19 November 2026 - Messe Frankfurt - Visit us at stand 41D31,"No.99 Changjiang Road, 210005, Nanjing, CN",info@highhopefoods.cn,"+86 25 51860486, 51863496, 51865285",https://www.highhopefoods.cn,https://www.ingredientsnetwork.com/high-hope-foods-nanjing-co-ltd-comp251181.html,251181
OMNIA,"Omnia Nisasta Sanayi ve Ticaret AS was established by Tosmur Group in 2014 , on 50.000 square mettres of indoor area, which is located at Organised Industrial Zone, ADANA/TURKEY Omnia Nisasta is the newest plant in the World, which produces ; Corn Syrups, Native Corn Starch, Maltodextrine and Crystalline Fructose by using state of the art technolgy. Tosmur Group is the supplier of several products to World Leading multinational companies such as ; Danone, Coca Cola, Pepsi, Agrana, Ferrero, Nestle, Unilever with an experience of 26 years in the production of corn based food stuffs. Omnia Nisasta is the second investment of Group’s corn based food stuff production. Omnia Nisasta is one of the six major Crystalline Fructose Producers in the World.Omnia Nisasta is also ,the only Maltodextrine producer in Turkey. Omnia Nisasta has ISO 9001, ISO 14001, OHSAS 18001, FSSC 22000, HALAL and KOSHER certificates.",Africa; Asia; Australia; Central/South America; Eastern Europe; Middle East; North America; Western Europe,Manufacturer / Supplier: Ingredients,"Carbohydrates, Sugars; Corn; Corn syrup",17nov2026 - 17 - nov - 2026 - 17-19 November 2026 - Messe Frankfurt - Visit us at stand 31D64,"Haci Sabanci Osb Yunus Emre Cad N.8 Saricam, 01410, Adana, TR",contact@ingredientsnetwork.com,0097254633886,https://exhibitors.figlobal.com/fie26/,https://www.ingredientsnetwork.com/omnia-comp267857.html,267857
Foodology by Univar Solutions,"A global menu of food and beverage ingredients, insights and test kitchen innovations. Ingredients, flavors and more for the food and beverage industries. Our global food ingredient and nutrition group is dedicated to helping you create the next winning recipe and food innovation. Foodology by Univar Solutions is your trusted partner, with food and beverage ingredient solutions for every eating occasion. Together, let's shape the future of food.",Africa; Eastern Europe; Middle East; Western Europe,Distributor,Acidulants; Agave syrup; Beans,17nov2026 - 17 - nov - 2026 - 17-19 November 2026 - Messe Frankfurt - Visit us at stand 31K4,"Aquarius House 6 Mid Point Park, BD37AY, Thornbury, Bradford, GB",pippa.bevan@univareurope.com,+44 1274267300,https://www.univar.com,https://www.ingredientsnetwork.com/foodology-by-univar-solutions-comp249198.html,249198
Unigrà S.p.A.,"Unigrà S.p.A. is an Italian company with an international presence through five production plants (3 in Italy, 1 in Brazil and 1 in Malaysia), 34 foreign subsidiaries and a large network of distributors and importers.&nbsp;It is leader in the production and sales of vegetable fats and oils, margarines, UHT plant based toppings, ice-cream bases and pastes, vegetable extracts, chocolate and compound chocolate, spreadable creams, sugar pastes, powder mixes and improvers for bakery and confectionery industry and artisans. The “vertical” integration of all the productive and distributive departments allows Unigrà to take advantage of synergies among the different productions units and to get a better and deeper knowledge of the products offered. The Industry Business Unit manages the sales of specific products for this channel, also working closely with customers to develop tailor-made products.",Africa; Asia; Australia; Central/South America; Eastern Europe; Middle East; North America; Western Europe,Manufacturer: Food & Beverage Finished Products|Raw Material Supplier,"Buckwheat; Cereals & Grains, Pulses; Cocoa",17nov2026 - 17 - nov - 2026 - 17-19 November 2026 - Messe Frankfurt - Visit us at stand 31D6,"Via Gardizza 9/B, 48017, Conselice (RA), IT",info@unigra.it,+39 0545989511,https://www.unigra.it,https://www.ingredientsnetwork.com/unigra-s-p-a-comp251426.html,251426
Ceamsa,"Founded in 1967, CEAMSA produces and delivers a complete&nbsp;range of high quality carrageenan, pectin, ﬁbre, alginate and refined locust bean&nbsp;gum to the food industry. CEAMSA products are demanded in the different markets due to their stabilizing, gel forming, thickening and texturizing properties.&nbsp; From its Headquarters in Porriño, the Company distributes its products all around the world with an exclusive customer service that offers tailor made solutions developed in the CEAMSA Innovation Center.&nbsp;Its production plants, located in Spain and in the Philippines, are based on self-developed technology, CEAMSA provides you its Know-How, Laboratories and a Professional Team to meet your needs and offer the best technical solution. CEAMSA is the perfect partner for your industry.",Africa; Asia; Australia; Central/South America; Eastern Europe; Middle East; North America; Western Europe,Manufacturer: Ingredients / Additives,"Dietary Fibres; Egg replacer; Emulsifiers, Stabilisers, Thickeners",17nov2026 - 17 - nov - 2026 - 17-19 November 2026 - Messe Frankfurt - Visit us at stand 31G20,"As Gandaras, E36418, Atios-Porrino (Pontevedra), ES",ceamsa@ceamsa.com,+34 986344089,https://www.ceamsa.com,https://www.ingredientsnetwork.com/ceamsa-comp248766.html,248766
Tiba Starch & Glucose Manufacturing Co.,"Tiba Starch & glucose S.A.E is an Egyptian Manufacturer of Food and Beverage rice-based ingredients. We produce Modified and Native Starches, Proteins, sweeteners, and fats.Our range of products is Clean-label, non-GMO, Hypoallergenic, lactose-free, and Gluten-free. In 1997, Tiba was founded as a Rice mill. From that point on, we have gone through many development stages, leading to the current product range. our partners are present around the world in Germany, Belgium, Brazil, USA, Canada, Italy, Greece, Latvia, UK, Spain, Turkey, the Netherlands, Bulgaria, Austria, China, Taiwan, Russia, and North and East Africa. Tiba's Team develops customized solutions for different applications. This helped us be suited to many industries and build strong relationships with our partners.",Asia; Central/South America; Eastern Europe; Middle East; North America; Western Europe,Manufacturer: Ingredients / Additives,Amino acids; Corn syrup; Cyclodextrins,17nov2026 - 17 - nov - 2026 - 17-19 November 2026 - Messe Frankfurt - Visit us at stand 31K90,"1st Industrial Zone- Piece No. 35&36&37 Al-Salheya Al-Gadeda, 44813, Sharkia, EG",info@tiba-eg.com,+2 055 320 1615,https://www.tiba-egy.com // www.tiba-trade.com,https://www.ingredientsnetwork.com/tiba-starch-glucose-manufacturing-co-comp268012.html,268012
DKSH,"For more than 160 years, DKSH has been delivering growth for companies in Asia Pacific, Europe, and North America across its Business Units Healthcare, Consumer Goods, Performance Materials, and Technology. As a leading Market Expansion Services provider, DKSH offers sourcing, market insights, marketing and sales, e-commerce, distribution and logistics as well as after-sales services, following its purpose of enriching people’s lives. DKSH is a participant of the United Nations Global Compact and adheres to its principles-based approach to responsible business. Listed on the SIX Swiss Exchange, DKSH operates in 35 markets with 26,840 specialists, generating net sales of CHF 11.1 billion in 2025. DKSH Business Unit Performance Materials distributes specialty chemicals and ingredients for food, pharmaceutical, personal care, and various industrial applications. With 62 innovation centers and regulatory support worldwide, DKSH creates cutting-edge formulations that comply with local regulations. With around 1,830 specialists, the Business Unit generated net sales of CHF 1.4 billion in 2025. www.dksh.com/pm DKSH is your leading global distributor of innovative ingredients and formulations&nbsp;for the&nbsp;food and beverage industry. Our functional products enhance your product performance and have a wide range of applications across major food segments. From food raw materials to food additives and institutional products, you can benefit from our exciting product portfolio an our range of tailored value-added services from regulatory support and consulting to sourcing new and hard-to-find ingredients and innovation and formulation capabilities.",Asia; Australia; Eastern Europe; North America; Western Europe,Distributor,Almonds; Amino acids; Chondroitin sulfate,17nov2026 - 17 - nov - 2026 - 17-19 November 2026 - Messe Frankfurt - Visit us at stand 31G12,"Baumwall 3, 20459, Hamburg, DE",info.de@dksh.com,+49-(0)40-3747 340,https://www.dksh.com,https://www.ingredientsnetwork.com/dksh-comp295606.html,295606
EFFEPHARM LIMITED,"At Effepharm, we apply science and technologies to improve health and well-being at every stage of life with innovative thinking. Our dedicated team strive to set the standard for quality, safety and value in the discovery, development and manufacturing of health ingredients for people. Sparing no effort to deliver more reliable and affordable health ingredients around the world, Effepharm is making a difference for all who rely on us.",Global / International,Manufacturer: Ingredients / Additives,Other Functional Ingredient Mixtures; Resveratrol; Dietary supplements,"18may2027 - 18 - may - 2027 - 18-20 May 2027 - Fira Barcelona Gran Via, Av. Joan Carles I, 64, 08908 L'Hospitalet de Llobregat, Barcelona, Spain - Visit us at stand 2D196","RM 1607 TREND CTR 29-31 Cheung Le St, 000, Chau Wan, HK",hannah.lu@effepharm.com,+86 13162786296,https://effepharm.com,https://www.ingredientsnetwork.com/effepharm-limited-comp296045.html,296045
Shafi Gluco Chem,"Shafi Gluco Chem is the world's leading manufacturer and distributor of sweeteners and proteins. We have been specializing in Rice and Tapioca ingredients since 2003. Through our vision, strategic direction, and unwavering commitment, we are committed to producing the most dependable quality and innovative range of food ingredients covering the various segments of the food industry. In line with our organic philosophy, we have pioneered several innovations, driving the industry trends forward. We ensure top quality procurement from our organic fields; a chemical-free natural production process; and promise a simple and cleaner label while enabling numerous functionalities for all food and drink formulations. We are deeply committed to safety, quality, integrity, and excellence in everything we do!The Shafi range offers both Organic and Conventional:Rice SyrupsTapioca SyrupsRice Proteins (Food & Feed)Rice & Tapioca Maltodextrins and Syrup SolidRice FlourTapioca & Rice StarchRice Milk PowderOrganic Rice (Basmati, Long Grain, Broken)",Africa; Asia; Australia; Central/South America; Eastern Europe; Middle East; North America; Western Europe,Manufacturer: Ingredients / Additives,Agave syrup; Amino acids; Corn syrup,17nov2026 - 17 - nov - 2026 - 17-19 November 2026 - Messe Frankfurt - Visit us at stand 30G86,"35 A/3 M.T. Khan Road Opposite Beach Luxury hotel, 74000, Karachi, PK",sales@glucochem.com,+92 853 303719,https://glucochem.com,https://www.ingredientsnetwork.com/shafi-gluco-chem-comp251365.html,251365
Daesang Europe B.V,"DAESANG EUROPE B.V. is a part of the worldwide company of DAESANG Corporation in Seoul, South Korea. Since 1994, Daesang Europe is in the Netherlands as the European branch for the company. The company was formerly known as Euro-MIWON B.V. In 1998, it was changed to DAESANG Europe B.V. as part of the business restructure to focus on the core businesses. The brand name, MIWON is still used for some products to continue its excellent reputation that has been established by the customers throughout the decades. Daesang also has consumer food products under our brands – Jongga, O’Food and Chung Jung One.",Global / International,Manufacturer: Ingredients / Additives,Acidulants; Amino acids; Flavouring preparation,17nov2026 - 17 - nov - 2026 - 17-19 November 2026 - Messe Frankfurt - Visit us at stand 30D86,"Van Heuven Goedhartlaan 937, 1181LD, Amstelveen, NL",yimi9009@hotmail.com,+31 20 640 6080,https://www.daesangeurope.com,https://www.ingredientsnetwork.com/daesang-europe-b-v-comp304610.html,304610
Fine Foods & Pharmaceuticals N.T.M. SpA.,"Fine Foods is a Benefit Corporation specialized in contract development and manufacturing of nutraceuticals, pharmaceuticals and cosmetics. Continuous innovation, reliability, employee motivation, financial solidity and investment capabilities: Fine Foods is a CDMO that supports customers in reaching their most ambitious growth targets. Our core values when dealing with all stakeholders are transparency, respect and sincerity. For us, holistic sustainability is not just a commitment to the environment, but also a positive contribution to the well-being of our employees and the community in which we operate. Every day we are committed to giving back the value we’ve been given. The main success driver at Fine Foods has been the relentless quest for innovation and customer satisfaction, along with the dedication to ethics and human capital.",Africa; Asia; Central/South America; Eastern Europe; Middle East; North America; Western Europe,Contract Manufacturer,Biotic products; Dietary supplements; Functional beverages,"18may2027 - 18 - may - 2027 - 18-20 May 2027 - Fira Barcelona Gran Via, Av. Joan Carles I, 64, 08908 L'Hospitalet de Llobregat, Barcelona, Spain - Visit us at stand 3G77","Via Berlino 39, 24040, Zingonia-Verdellino - BG, IT",info@finefoods.it,+31 20 708 1700,https://www.finefoods.it,https://www.ingredientsnetwork.com/fine-foods-pharmaceuticals-n-t-m-spa-comp307448.html,307448
Goerlich Pharma GmbH,"Goerlich Pharma is a food supplement supplier in Bavaria, Germany. The family-owned company focuses on the development, contract manufacturing and packaging of food supplements, food supplements for special medical purposes and feed supplements -&nbsp;in the form of oil mixtures, powders, capsules, tablets and sticks. Nearly 40 years of experience, first-class service and attention to the highest quality standards have made the family-owned business a reliable partner in the food supplements market. In addition to the well-known certifications, we also really focus on quality. Our quality management team consists of 15 committed employees. In order to ensure short-term communication, our customers have a fixed point of contact. As a long-term exclusive partner of EPAX Norway AS in the DACH region and a member of the Omega-3 Working Group, we are the Omega-3 experts in Germany. We produce a wide range of marine omega-3 products in different galenic forms and vegan algae oil. Goerlich Pharma has its own probiotics production area and is a strong German probiotics producer. We produce trend products in hard capsules and trend bars on the most modern machines. We have prepared many basic formulations ready-to-market - for your fast access to the market. For individual requirements, we offer Plus Products with valuable ingredients or develop new complex formulations together with our partners. We have always relied on high-performance packaging. We pack in jars, blisters, folding boxes and sticks. In addition, we offer many impeccable additional services. Are you looking for a food supplement contract manufacturer you can rely on 100%? We look forward to get in contact with you!",Global / International,Contract Manufacturer,Algae oil; CoQ10; Fats & Oils - Plant,"18may2027 - 18 - may - 2027 - 18-20 May 2027 - Fira Barcelona Gran Via, Av. Joan Carles I, 64, 08908 L'Hospitalet de Llobregat, Barcelona, Spain - Visit us at stand 3G154","Am Gewerbering 4-6, 83533, Edling, DE",sales@goerlich-pharma.com,+49 (0) 8071-9083-0,https://www.goerlich-pharma.com,https://www.ingredientsnetwork.com/goerlich-pharma-gmbh-comp307463.html,307463
Kröner-Stärke GmbH,"KRÖNER-STÄRKE is a german global company. Founded in 1900, the&nbsp;management is now in the hands of it's third generation. KRÖNER-STÄRKE produces high functional natural products in organic and conventional quality: wheat starch, cold swelling starches and flours, as well as variations of proteins. Clean label starches and gluten-free products fulfil the increased requirements of the food industry. Our dietetics for infant and geriatric diet as well as flours and starches with good dispersible flaky structure broaden our portfolio. Custom made products are made with our latest mixing technology according to our customers' specifications.",Africa; Asia; Australia; Central/South America; Eastern Europe; Middle East; North America; Western Europe,"Food Safety, Quality and Service","Cereals & Grains; Dextrins; Emulsifiers, Stabilisers, Thickeners",17nov2026 - 17 - nov - 2026 - 17-19 November 2026 - Messe Frankfurt - Visit us at stand 30D8,"Lengericher Straße 158, D-49479, Ibbenbüren, DE",info@kroener-staerke.de,+49 (0) 54 51 - 94 47 -0,https://www.kroener-staerke.de,https://www.ingredientsnetwork.com/kroner-starke-gmbh-comp251228.html,251228
STOCKMEIER Food,"Stockmeier Food is a private owned German flavour house with more than 30 years of experience. A team of specialists in different food technologies support your development. We are a leading partner for customised flavor development and production. Our product portfolio contains sweet and savoury flavours with professional solutions and individual flavours and application service for snacks, confectionery, bakery, dairy, and savoury convenience products. Together with local partners we exported to more than 50 countries.",Africa; Asia; Australia; Central/South America; Eastern Europe; Middle East; North America; Western Europe,Manufacturer / Supplier: Ingredients,Alginic acid - alginates; Corn syrup; Dietary Fibres,17nov2026 - 17 - nov - 2026 - 17-19 November 2026 - Messe Frankfurt - Visit us at stand 41M6,"Zeppelinstraße 7, 32051, Herford,, DE",food@stockmeier.de,+49 52 21 / 93 39 - 0,https://www.stockmeier-food.com,https://www.ingredientsnetwork.com/stockmeier-food-comp251398.html,251398
Cereal Docks,"Cereal Docks is an Italian industrial group founded 40 years ago by the Fanin family, specializing in primary agro-food transformation. It produces ingredients derived from oilseeds (soybean, sunflower, rapeseed) and cereals (corn, legumes, rice), sourced from both conventional and organic agriculture, for applications in the feed, food, pet-food, pharma, and cosmetic sectors.&nbsp; Cereal Docks connects over 18,000 farmers in Italy and tens of thousands worldwide, enhancing agricultural supply chains and promoting sustainable agronomic practices. With 11 processing facilities and a logistics model integrating sea, rail, and road transport, it transforms over 3 million tons of plant-based raw materials into essential ingredients for nutrition and well-being, while respecting the environment, people, and animals.&nbsp; All products are accompanied by robust quality and safety guarantees: over 50,000 process and product checks annually, 28 active certification schemes, and 60 certifications obtained by Group companies, with an ISO 17025-accredited quality control laboratory. Through its business units, Cereal Docks Group provides a wide range of ingredients:Vegetable Oils from Conventional Farming&nbsp;Vegetable Emulsifiers and Functional BlendsOrganic Vegetable OilsCorn, Rice and Legumes Gluten-free FloursSunflower HeliaPro Plant-Based Proteins <!--eventid629:Cereal Docks Spa-->",Global / International,Raw Material Supplier,Beans; Canola oil; Cereals & Grains,17nov2026 - 17 - nov - 2026 - 17-19 November 2026 - Messe Frankfurt - Visit us at stand 41M46,"via Innovazione 1, 36043, Camisano Vicentino, IT",info@cerealdocks.it,+39 0444 419411,https://www.cerealdocks.it/en/,https://www.ingredientsnetwork.com/cereal-docks-comp318989.html,318989
DMK Group,"About the DMK Group Revenue (2025): €5.3 billion Employees: 6,800 Milk processed annually: 5.1 billion kg Farmer members (cooperative members): 3,900The product portfolio ranges from cheese, dairy products and ingredients to baby food, ice cream. Brands such as MILRAM, Oldenburger, Uniekaas, Alete and Humana have earned the trust of consumers at home and abroad, making the company an established player in its home markets and selected target markets around the globe.&nbsp;",Africa; Asia; Australia; Central/South America; Eastern Europe; Middle East; North America; Western Europe,Contract Manufacturer|Manufacturer: Finished Food Products|Manufacturer: Ingredients / Additives,"Additives incl. Flavourings & Colours; Amino acids; Carbohydrates, Sugars",17nov2026 - 17 - nov - 2026 - 17-19 November 2026 - Messe Frankfurt - Visit us at stand 30K94,"Maria-Cunitz-Str. 5, 28199, Bremen, DE",info@dmk.de,+49 421 243-0,https://www.dmk.de,https://www.ingredientsnetwork.com/dmk-group-comp248926.html,248926
Aloe Jaumave Sa De Cv,"Established in 1989, under the increasing demand of Aloe Vera products of the highest quality, accomplishing standards and regulations all over the World. In Aloe Jaumave we take care of the environment as we grow organic plants and process our products under a free pollution environment -Encouraging Natural and Organic Products. Now, 26 years later, the company expanded its activities to the growing, harvesting, processing and bottling Aloe Vera (Raw Materials and Finished Products) for the Food, Cosmetic and Pharmaceutical Industry. After all this work, Aloe Jaumave has become the largest supplier of Organic Certified Aloe Vera in the world, always following our original commitment: Aloe Vera. <!--eventid629:Aloe Jaumave S.A. de C.V.-->",Africa; Asia; Australia; Central/South America; Eastern Europe; Middle East; North America; Western Europe,Manufacturer / Supplier: Ingredients,Aloe vera; Benzoic acid - benzoates (BA); Bioactive Compounds - Other,17nov2026 - 17 - nov - 2026 - 17-19 November 2026 - Messe Frankfurt - Visit us at stand 42R34,"Mendez 501 Zona Centro Jaumave, 87930, Jaumave, MX",aloesales1@aloejaumave.com,+528323360099,https://www.aloejaumave.com,https://www.ingredientsnetwork.com/aloe-jaumave-sa-de-cv-comp248700.html,248700
Foodchem International Corporation,"FOODCHEM is a Chinese leading company in sales, marketing and distribution of innovative and standard food additives and ingredients. With over 200 products and world-class supplier base, FOODCHEM offers one-stop-shop solutions to more than 1,000 customers in global food& beverage, pharmaceutical, cosmetics, animal nutrition and chemical industry which covers 120 countries and regions in the world.FOODCHEM mainly focus on top quality products and excellent supply chain management, we are very strong and active in Vitamins, Thickeners, Proteins, Acidulants, Preservatives, Antioxidants, Sweeteners, Phosphates, Flavorings & Aromas, Plant Extracts, Amino Acids, Colorants, Emulsifiers, Nutritional Supplements. We look forward to the opportunity to discuss how FOODCHEM can become a partner in your supply chain solution.We are confident that our ingredients will bring you success! &nbsp;",Africa; Asia; Australia; Central/South America; Eastern Europe; Middle East; North America; Western Europe,Distributor,Acerola; Acesulfame-K; Acetic acid,17nov2026 - 17 - nov - 2026 - 17-19 November 2026 - Messe Frankfurt - Visit us at stand 31L6,"Building9 ,2277 Zuchongzhi Road Zhangjiang Hi-Tech Park, 201203, SHANGHAI, CN",contact@ingredientsnetwork.com,+86 21 31267000,https://www.foodchem.cn,https://www.ingredientsnetwork.com/foodchem-international-corporation-comp249449.html,249449
Altinmarka Gida San. Tic AS,"Altınmarka is one of the biggest cocoa and chocolate manufacturers in the world. Altınmarka produces cocoa products such as cocoa powder, butter, mass as well as industrial chocolates and compounds as blocks, coins, drops, chunks, sticks, pralines. Altınmarka was awarded 'Best Chocolate Factory of Europe in 2012' by European Candy Kettle Club. The fully integrated factory, from cocoa beans to chocolate, provides uninterrupted productivity and ensures the power and flexibility to produce different requests.",Asia; Eastern Europe; Western Europe,"Distributor|Food Safety, Quality and Service",Additives incl. Flavourings & Colours; Almonds; Ammonium phosphatides,17nov2026 - 17 - nov - 2026 - 17-19 November 2026 - Messe Frankfurt - Visit us at stand 31B90,"Omer Avni Mah. Inebolu Sk. No. 1 Ekemen Han Kat: 2-5 Setustu Kabatas - Beyoglu, 34427, Istanbul, TR",info@altinmarka.com,+90 212 243 2505,https://www.altinmarka.com.tr,https://www.ingredientsnetwork.com/altinmarka-gida-san-tic-as-comp248809.html,248809
ALPAVIT GmbH & Co. KG,"ALPAVIT is part of the private Champignon-Hofmeister group - with over 100 years of brand experience in one of the most tradition-steeped and successful companies in German dairy production. Within the group, ALPAVIT is responsible for manufacturing and distributing dried milk and whey products. ALPAVIT impresses globally with its years of learning, innovative power and outstanding customer service. Our way of working is characterized by high flexibility, short decision paths and close cooperation between distribution, production, quality assurance and logistics. We are an impressive, reliable and efficient partner. With our high-quality products, we have gained the trust of the most renowned manufacturers of world-leading brands. The satisfaction of our customers is the motor that drives our business.",Africa; Asia; Australia; Central/South America; Eastern Europe; Middle East; North America; Western Europe,Manufacturer: Ingredients / Additives,"Amino acids; Carbohydrates, Sugars; Casein",17nov2026 - 17 - nov - 2026 - 17-19 November 2026 - Messe Frankfurt - Visit us at stand 30G8,"Kemptener Straße 17-24, 87493, Lauben, DE",info@alpavit.de,+49 8374 920,https://www.alpavit.de/,https://www.ingredientsnetwork.com/alpavit-gmbh-co-kg-comp248701.html,248701
Cambridge Commodities,"Cambridge Commodities specialises in supplying nutritional ingredients and product solutions to the sports nutrition, health & wellbeing and food & beverage industries. We stock over 2,500 ingredients ranging from vitamins, minerals and proteins to superfoods, sweeteners and plant-based powders. Our mission is to passionately provide quality nutritional ingredients and healthier innovation. <!--eventid598:Cambridge Commodities Limited-->",Africa; Asia; Australia; Central/South America; Eastern Europe; Middle East; North America; Western Europe,Distributor|Raw Material Supplier,"Emulsifiers, Stabilisers, Thickeners; Fat replacer; Lecithins","18may2027 - 18 - may - 2027 - 18-20 May 2027 - Fira Barcelona Gran Via, Av. Joan Carles I, 64, 08908 L'Hospitalet de Llobregat, Barcelona, Spain - Visit us at stand 2D207, 4C1","203 Lancaster Way Business Park, CB6 3NX, Ely, GB",marketing@cambridgecommodities.com,+44 (0) 1353 667 258,https://www.c-c-l.com,https://www.ingredientsnetwork.com/cambridge-commodities-comp255042.html,255042
VESTERAALENS AS,"Vesteraalens AS is a innovative seafood and marine ingredients company located in Northern Norway close to one of the worlds riches fishing fields. We produce Omega 3 oils of the highest quality used for a variety of functional food applications. Including supplements, bread/bakery, sports nutrition, medical nutrition and infant formula.",Asia; Australia; Central/South America; Eastern Europe; North America; Western Europe,Manufacturer / Supplier: Ingredients,Algae oil; Dietary supplements; Functional food,"18may2027 - 18 - may - 2027 - 18-20 May 2027 - Fira Barcelona Gran Via, Av. Joan Carles I, 64, 08908 L'Hospitalet de Llobregat, Barcelona, Spain - Visit us at stand 3D235D","Havnegata 17, P.O.Box 214,, 8401, Sortland, NO",contact@ingredientsnetwork.com,+47 76 11 05 90,https://arcticingredients.com/,https://www.ingredientsnetwork.com/vesteraalens-as-comp271793.html,271793
Fosfa a. s.,"Fosfa is an innovative Life Science company established in 1884. The group is the largest processor of yellow phosphorus in Europe. Fosfa is one of the top global players in the field of essential, phosphorus-based ingredients and functional blends for food, pharma and sophisticated industrial applications. Fosfa also develops and manufactures FeelEco, exceptional natural products for health, family and home care. Under the FeelGreens brand, Fosfa uses the Czech Republic’s first vertical farm to grow microgreens, a superfood of the future, without using pesticides, growth regulators or GMOs. Fosfa Life Science manufactures food quality sodium, potassium and ammonium phosphates for functional and performance modification with production units located in Germany (Omnisal GmbH) and Czech Republic (Fosfa a.s.). Our product portfolio specializes in phosphates and phosphate blends designed to enhance culinary experience in meat, baked goods, dairy, seafood as well and other food applications. Our food additive phosphates are high quality products that have been developed with a commitment to solving individual customers requirements.",Africa; Asia; Australia; Central/South America; Eastern Europe; Middle East; North America; Western Europe,Manufacturer: Ingredients / Additives,Ammonium phosphatides; Ammonium sulphate; Antioxidants,17nov2026 - 17 - nov - 2026 - 17-19 November 2026 - Messe Frankfurt - Visit us at stand 30H20,"Hranicni 268, 69141, Breclav - Postorna, CZ",valusek@fosfa.cz,+420 519 306 342,https://www.fosfa.cz,https://www.ingredientsnetwork.com/fosfa-a-s-comp248990.html,248990
Pharma Marine,"Where the fjords meet the mountains at the beautiful west coast of Norway, not far from the old fishing town of Ålesund, lies the small island of Terøy where Pharma Marine has its home.Pharma Marine was founded on a deep respect and love for the ocean.&nbsp;Invention and innovation is an essential part of our history, always inspired by our mantra:&nbsp;Take only what you need and utilize everything you harvest from nature. With eco-friendly production of marine ingredients at heart, we learn from the balance in nature to provide a healthier life for people.&nbsp;For Pharma Marine, tradition and innovation go hand in hand. Pharma Marine is a family business with family values at its core.&nbsp;We believe in close relationships with our partners, our employees, and our local community.&nbsp;And, of course, an enduring respect for nature. Outside our doorstep on Terøy, there is a vast sea of possibilities.&nbsp;For our planet, our health, and future generations.From our family to you. <!--eventid544:Pharma Marine AS-->",Asia; Australia; Eastern Europe; North America; Western Europe,Manufacturer: Ingredients / Additives,Algae oil; Fish oil; Other Algae,"18may2027 - 18 - may - 2027 - 18-20 May 2027 - Fira Barcelona Gran Via, Av. Joan Carles I, 64, 08908 L'Hospitalet de Llobregat, Barcelona, Spain - Visit us at stand 3G236A","Teroey Industriomraade 3, N-6280, SOEVIK, NO",sales@pharmamarine.no,+31 20 708 1700,https://pharmamarine.no,https://www.ingredientsnetwork.com/pharma-marine-comp314859.html,314859
LC Ingredients,"Young and vibrant distributor vertically integrated in the manufacturing of highly bioavailable Keratine Oligopeptides with clinical studies for Hair, Skin, Nails and Joints.&nbsp;Thanks to our network we are able to offer ready to market solutions for Supplement and Cosmetic market.&nbsp;In the recent years we have expanded our portfolio including other ingredients such as:&nbsp;-antioxidant&nbsp;-anti-inflamatory-herbal remedies&nbsp;-postbiotics&nbsp;-fibres&nbsp;-organic vitamins and minerals&nbsp;-plant based solutions&nbsp;Today we offer our multiple options to a wider range of customers: from bulk ingredients, te ready to market solutions and fully serviced products.&nbsp;",Eastern Europe; Western Europe,Distributor,Alpha-lipoic acid; Amino acids; Anthocyanins,"18may2027 - 18 - may - 2027 - 18-20 May 2027 - Fira Barcelona Gran Via, Av. Joan Carles I, 64, 08908 L'Hospitalet de Llobregat, Barcelona, Spain - Visit us at stand 2G187","392 avenue des Genevriers, 13600, La Ciotat, FR",contact@lcingredients.com,+33 6 26 18 15 00,https://www.lcingredients.com,https://www.ingredientsnetwork.com/lc-ingredients-comp307508.html,307508
Zentis,"Zentis, headquartered in Aachen, stands for unique expertise in the refinement of fruit and other natural raw materials. Founded in Aachen in 1893, the company is still family-owned and is now one of the leading manufacturers of fruit preparations and marzipan raw materials for the processing industry and trade. In addition to innovative ingredient solutions for the dairy and bakery industries and food service, Zentis is known for its fruity spreads and confectionery. With six production sites in Europe and the USA, Zentis is now active in over 60 countries.",Africa; Asia; Australia; Central/South America; Eastern Europe; Middle East; North America; Western Europe,Manufacturer: Ingredients / Additives,Bioactive Compounds - Other; Bioactives Other; Botanicals,17nov2026 - 17 - nov - 2026 - 17-19 November 2026 - Messe Frankfurt - Visit us at stand 31L90,"Julicher Strasse 177, 52070, AACHEN, DE",info@zentis.de,49 241 4760 0,https://zentis.com,https://www.ingredientsnetwork.com/zentis-comp279313.html,279313
Lactoland Trockenmilchwerk GmbH,"Since its founding in 1989, LACTOLAND&nbsp;Trockenmilchwerk GmbH has been producing intermediate milk products for the processing industry. Specially tailored milk powder blends are produced from powdered milk in elaborate and ultra-modern mixing processes.&nbsp;These are used in further processing procedures for ice cream, cheese, yogurt, and other milk-based specialties. The product range also includes dairy blends and other semi-finished products for industrial customers. Through numerous investments and certifications, all products can be offered in organic as well as halal and kosher quality.&nbsp;The primary industries we serve are: the Chocolate industry, the Bakery and Confectionery industry, Ice cream, Cheese and Yoghurt production, Sports nutrition. Our Product range: Milk and yogurt powders, Milk protein concentrates, Casein / Caseinates. <!--eventid629:Lactoland-->",Africa; Asia; Australia; Central/South America; Eastern Europe; Middle East; North America; Western Europe,Manufacturer: Ingredients / Additives,Casein; Cow Dairy Ingredients; Cream - cow,17nov2026 - 17 - nov - 2026 - 17-19 November 2026 - Messe Frankfurt - Visit us at stand 30G94,"Wierlings Esch 50, 48249, 48249 Duelmen, DE",info@lactoland.de,+49 2594 79060,https://www.lactoland.de,https://www.ingredientsnetwork.com/lactoland-trockenmilchwerk-gmbh-comp251233.html,251233
VitaSynth Sp. z o.o.,"Vitasynth combines the strengths of the Pharmaquinone®&nbsp;and Vitaquinone®&nbsp;brands, bringing together high-quality expertise and innovation under one company. Vitaquinone® is the purest and solvent free vitamin K2 available on the market, which does not contain the cis isomer or other impurities according to the US Pharmacopoeia method and is produced by Vitasynth in its own European manufacturing site through a patented manufacturing and purification processes. Pharmaquinone®&nbsp;is a brand of the purest vitamin K2 in the world. Manufactured 100% in Europe. We have global production capacity.",Africa; Asia; Australia; Central/South America; Eastern Europe; Middle East; North America; Western Europe,Manufacturer: Ingredients / Additives,Vitamin K2; Dietary supplements; Other Specialised Finished Products,"5may2026 - 5 - may - 2026 - 05 - 07 May 2026 - Fira Barcelona Gran Via, Av. Joan Carles I, 64, 08908 L'Hospitalet de Llobregat, Barcelona, Spain - We were at stand UWB10","ul. Macieja Rataja 4G, 05-850, Koprki, PL",sales@pharmaquinone.com,+31 20 708 1700,https://vitasynth.eu/,https://www.ingredientsnetwork.com/vitasynth-sp-z-o-o-comp307626.html,307626
Snick EuroIngredients NV,"SNICK EuroIngredients was founded in 1993 and is based in Belgium. Since then, Snick Euroingredients has been producing and supplying culinary and functional ingredients, wet and dry blends and spice mixes of the highest quality for food companies in Europe. Our experienced team of food technologists knows how to add a pinch of innovation to every food product.Our production is Halal and BRC certified. Need a custom product, fast delivery or customized service? Everything is negotiable.",Western Europe,Manufacturer: Ingredients / Additives,"Emulsifiers, Stabilisers, Thickeners; Flavourings; Herbs",17nov2026 - 17 - nov - 2026 - 17-19 November 2026 - Messe Frankfurt - Visit us at stand 31G6,"De Leiteweg 13 Ruddervoorde -, B-8020, Oostkamp, BE",contact@ingredientsnetwork.com,+32 (0)50 36 16 85,https://www.snick.be,https://www.ingredientsnetwork.com/snick-euroingredients-nv-comp303348.html,303348
TopGum Industries Ltd.,"TopGum is a pioneering contract manufacturer of supplement gummies for the functional food and nutraceutical markets. Equipped with a state-of-the-art production facility, extensive food technology expertise, and proprietary manufacturing processes, TopGum produces top of the line, high quality gummy supplements. The company works closely with leading industry brands and retail partners&nbsp;worldwide, supporting them in the production of differentiated gummy products,&nbsp;innovation, and winning formulations. Equipped with a state-of-the-art production facility, extensive food technology expertise, and proprietary manufacturing processes, TopGum produces top of the line, high quality gummy supplements for the functional food and nutraceutical markets.&nbsp;TopGum develops and produces top of the line, Premium and innovative gummy supplements. <!--eventid544:TopGum Industries--> <!--eventid598:TopGum-->",Global / International,Manufacturer: Finished Food Products,Biotic products; Energy drinks; Functional confectionery,"18may2027 - 18 - may - 2027 - 18-20 May 2027 - Fira Barcelona Gran Via, Av. Joan Carles I, 64, 08908 L'Hospitalet de Llobregat, Barcelona, Spain - Visit us at stand 2D70","2 Prague Street, 8700101, Sderot, IL",menahema@topgummiceuticals.com,+31 20 708 1700,https://www.topgummedical.com/,https://www.ingredientsnetwork.com/topgum-industries-ltd-comp309073.html,309073
Capol,"Leading the way in high-performance solutions, CAPOL is a key global provider of products and expertise designed for perfect finishing, flawless processing, and sensory excellence in the food industry. With a rich history in confectionery, our innovative solutions today span across various food segments, offering surface treatments, natural colors, flavors, and encapsulated acids. We deploy technology, deep process expertise and unparalleled technical advice to provide our customers with exceptional service.The product manufacturing adheres to the highest standards of quality and food safety, upheld by stringent certifications. With the company's own production sites in Europe and North America, CAPOL operates a worldwide network of subsidiaries and distribution partners to deliver exceptional product solutions across the food industry. Since 2013, CAPOL has been part of Freudenberg Chemical Specialities, a Business Group of the Germany based global technology company Freudenberg SE.",Africa; Asia; Australia; Central/South America; Eastern Europe; Middle East; North America; Western Europe,Manufacturer: Ingredients / Additives,Additives incl. Flavourings & Colours; Citric acid; Colours,17nov2026 - 17 - nov - 2026 - 17-19 November 2026 - Messe Frankfurt - Visit us at stand 42L22,"Otto-Hahn-Str. 10, 25337, Elmshorn, DE",info@capol.de,+494121477474,https://www.linkedin.com/company/capol-gmbh,https://www.ingredientsnetwork.com/capol-comp248759.html,248759
Intermed S.A,"O.F.E.T., the Tsetis Group of Pharmaceutical Companies, comprises two complimentary, dynamic companies, UNI-PHARMA S.A. and INTERMED S.A. that share parallel objectives. UNI-PHARMA S.A. was founded in 1969, with the scope of producing innovative pharmaceutical products. Uni-Pharma researches, develops, manufactures and markets pharmaceuticals of the highest quality and effectiveness, covering all major therapeutic categories. INTERMED S.A. was founded in 1996. During its operation, it has proven its successful course, by introducing innovative cosmoceutical and pharmaceutical best-sellers such as CHLORHEXIL, EVA, and UNISEPT. Intermed develops and manufactures high quality products covering all major health care categories (Oral, Dermocosmetic, Gyneocological, Pediatric, Nutritional etc). <!--eventid598:Intermed S.A.-->",Global / International,Manufacturer / Supplier: Ingredients,Food & Beverage Ingredients / Additives,"18may2027 - 18 - may - 2027 - 18-20 May 2027 - Fira Barcelona Gran Via, Av. Joan Carles I, 64, 08908 L'Hospitalet de Llobregat, Barcelona, Spain - Visit us at stand 2A119","27 Kalyftaki Str, 14564, Kifissia, GR",vergiri@uni-pharma.gr,6253905ext1111,https://www.intermed.com/,https://www.ingredientsnetwork.com/intermed-s-a-comp245519.html,245519
Angel Yeast Co. Ltd.,"Angel Yeast Co Ltd was found in 1986, it is a listed high-tech yeast company in China, which is specialized in the mass production of yeast and yeast derivatives. Angel Yeast possess twelve international advanced factories and eight technical center at home and abroad. Angel Yeast has become one of the main yeast extract（YE）supplier in the world after decades development, with four professional YE production line in China, Angel’s total capacity of YE is 61,000 tons.In the coming years, to better serve its customers, Angel is going to launch first overseas YE production line in Egypt, by estimation, the overseas YE production line will be finished at 2019.&nbsp; Till now, Angel Yeast is capable of supplying basic yeast extract, high Umami yeast extract, rich peptides yeast extract and flavor yeast extract. And the applications of Angel YE include soups, sauces, instant noodles, snacks, meat products and other food applications. Angel’s outstanding R&D and technical application team rich of experiences for providing customers tailor-made food solutions according to different applications. <!--eventid544:Angel Yeast Co Ltd.--> <!--eventid598:Angel Yeast Co Ltd.--> <!--eventid611:ANGEL YEAST--> <!--eventid596:Angel Yeast Co.,Ltd.--> <!--eventid629:ANGEL YEAST--> <!--eventid641:Angel Yeast Co Ltd.-->",Africa; Asia; Australia; Central/South America; Eastern Europe; Middle East; North America; Western Europe,"Distributor|Food Safety, Quality and Service|Raw Material Supplier",Amino acids; Amylase; Beta-glucans,17nov2026 - 17 - nov - 2026 - 17-19 November 2026 - Messe Frankfurt - Visit us at stand 31K80,"#168, Chengdong Avenue,, Yichang, CN",contact@ingredientsnetwork.com,+86 7176369520,https://exhibitors.figlobal.com/fie26/,https://www.ingredientsnetwork.com/angel-yeast-co-ltd-comp248867.html,248867
"Baolingbao Biology Co., Ltd.","Baolingbao Biology Co Ltd, a leading manufacturer of corn based health and food ingredients. Baolingbao has been using innovative technology to transform maize and sugar into value-added ingredients for customers in the food, dairy, beverage, pharmaceutical animal feed and cosmetics. Baolingbao was established in 1997 and listed in&nbsp; Chinese stock market in 2009. The initial product is IMO (Isomaltooligosacchrides) which is a good prebiotic. Over the years, many new type products have been developed such like Erythritol, High Fructose Syrup, Polydextrose, FOS, GOS,etc. Today, Baolingbao produces a wide range of products for&nbsp; the fields of foods and beverage, pharmaceuticals, cosmetics, etc. Always striving for higher quality, Baolingbao's products are well accepted by the customers. “Work for your profit, Care for your health” is Baolingbao's mission. Baolingbao is trying the best to learn cutting-edge technology, and then it adds the value to the products by the technology. That meets the wishes of cultivators. At the same time, Baolingbao provides the health products to the society. <!--eventid544:BAOLINGBAO BIOLOGY CO., LTD--> <!--eventid629:BAOLINGBAO BIOLOGY CO., LTD-->",Africa; Asia; Australia; Central/South America; Eastern Europe; Middle East; North America; Western Europe,Distributor|Manufacturer: Ingredients / Additives|Raw Material Supplier,"Carbohydrates, Sugars; Corn syrup; Dietary Fibres",17nov2026 - 17 - nov - 2026 - 17-19 November 2026 - Messe Frankfurt - Visit us at stand 30H8,"No.1, Dongwaihuan Road, Hi-Tech Development Zone, Yucheng,, CN",yangzhi@blb-cn.com,+86 534 8918697,https://www.linkedin.com/company/bao-ling-bao-biology-co.-ltd.,https://www.ingredientsnetwork.com/baolingbao-biology-co-ltd-comp249440.html,249440
ROUSSELOT B.V.,"Rousselot is the global leader of collagen-based solutions* for the food, health and nutrition, biomedical and pharmaceutical sectors. Working in partnership with our global customer-base, we deliver advanced ingredient solutions that enable innovation, excite today’s consumers, and contribute to public health. Through our state-of-the-art operations, extensive technical expertise and sustained scientific research, we help our customers achieve their goals, create world-class products, and we “Reach further together”. Rousselot is Darling Ingredients' health brand. *&nbsp;Collagen, Market estimates and trend analysis, 2022 Grand View Research.",Africa; Asia; Australia; Central/South America; Eastern Europe; Middle East; North America; Western Europe,Manufacturer: Ingredients / Additives,Bioactives Other; Casein; Collagen - Bovine,"2sep2026 - 2 - sep - 2026 - 02 - 04 Sept 2026 - Hall 1-3 and Hall 5-7, Queen Sirikit National Convention Center, Bangkok - We were at stand H6-G55","Kanaaldijk Noord 20 NM Son en Breugel, NL",collagen@rousselot.com,+31 20 708 1700,https://www.facebook.com/pages/Rousselot/117959708301792,https://www.ingredientsnetwork.com/rousselot-b-v-comp323065.html,323065
Prosur,"As food-biotech pioneers, we revolutionized meat processing by eliminating nitrites, phosphates, and synthetic additives—using nature-powered technologies. The result: full-flavor, clear-label products that redefined trust, authenticity, and transparency in food. Today, we’re applying that same disruptive mindset across the whole food & beverage landscape—driving transformation through next-level fermentation, smarter sweeteners, and high-performance fiber solutions that meet the demands of modern consumers and future-focused brands alike. Founded in 1965 and based in Murcia, Spain, we operate globally, with expert teams and innovation hubs in Spain, the United States, and LATAM. Our international network of technical sales and forward-thinking distribution partners brings next-gen solutions to market—worldwide. Together with our ""Partners in Taste"" we’re not following trends. We’re creating the future of food!",Global / International,Manufacturer / Supplier: Ingredients,"Dietary Fibres, Prebiotics; Other Sweeteners; Sweeteners",17nov2026 - 17 - nov - 2026 - 17-19 November 2026 - Messe Frankfurt - Visit us at stand 31B100,"C/Saavedra Fajardo S/N Parcela 27/1D, 30169, San Gines, Murcia, ES",contact@ingredientsnetwork.com,+31 20 708 1700,https://exhibitors.figlobal.com/fie26/,https://www.ingredientsnetwork.com/prosur-comp478822.html,478822
TER,"TER Ingredients is a leading supplier of high-grade ingredients and additives in various life science applications. The company provides a comprehensive product portfolio sourced globally to serve customers in the food, feed, nutraceuticals as well as personal care, health care and home care industries.We are specialized experts in sourcing and sales of raw materials and logistics and quality management. We cooperate with reputable manufacturers&nbsp;and their product development teams. We offer combined deliveries of food- and other ingredients in time according to complex requirements derived from regulatory compliance, documentaton requirements and specification parameters.",Africa; Asia; Australia; Central/South America; Eastern Europe; Middle East; North America; Western Europe,Distributor,"Emulsifiers, Stabilisers, Thickeners; Lecithins; Meat replacer",17nov2026 - 17 - nov - 2026 - 17-19 November 2026 - Messe Frankfurt - Visit us at stand 30F94,"Börsenbrücke 2, 20457, Hamburg, DE",d.bugar@terchemicals.com,+49 40 300 501 0,https://www.facebook.com/TERGROUP/,https://www.ingredientsnetwork.com/ter-comp249285.html,249285
H C CLOVER PRODUCTOS Y SERVICIOS SL,"HC Clover PS, founded in 2008, is a Spanish pharmaceutical laboratory with 100% private capital, CDMO type (Contract Manufacturing and Development Organization) that acts as a key partner for the pharmaceutical and healthcare industry Aplicaps by Clover has been the HC Clover PS’ soft gelatin capsule development and manufacturing line through which the laboratory has produced softgel capsules for food supplements, pharmaceuticals, nutricosmetics and veterinary products. In 2018, HC Clover PS acquired Laboratorios Gramar, a company whose social objective was the development and manufacturing for third-party companies of nutraceutical products in different pharmaceutical forms in addition to primary and secondary packaging. HC Clover PS has joined forces with this company, adapting its strategy, techniques, management and commercial philosophy. As a result of years of experience and a long career in the pharmaceutical sector, HC Clover PS, together with Aplicaps and Gramar Laboratories, became Cloverty, which was born from the very essence of the company, putting in value everything built up to now, but at the same time it has established itself as a global brand, solid, dynamic and with character. Cloverty manufactures solutions for pharmaceutical, nutraceutical and veterinary markets specialised in soft gelatin capsule, a pharmaceutical form that enables the design of nutraceutical products, and is the technological base of the pharmaceutical products development of the company. In addition, we develop products in different pharmaceutical forms (hard gelatin capsules, sachets, sticks, glass and plastic ampoules, cans, jars and vials), for powder products, as well as liquid and gel, and also develop primary and secondary packaging. <!--eventid598:CLOVERTY-->",Global / International,Manufacturer / Supplier: Ingredients,Dietary supplements; Functional powders; Nutricosmetics,"18may2027 - 18 - may - 2027 - 18-20 May 2027 - Fira Barcelona Gran Via, Av. Joan Carles I, 64, 08908 L'Hospitalet de Llobregat, Barcelona, Spain - Visit us at stand 2G69","C/ Alicante 8-10 Arganda del Rey, 28500, Madrid, ES",contact@ingredientsnetwork.com,+31 20 708 1700,https://www.aplicaps.com,https://www.ingredientsnetwork.com/h-c-clover-productos-y-servicios-sl-comp307468.html,307468
Nutris Ingredients,"Nutris is a Spanish company, based in Madrid, specialized in the healthcare field, including food & food supplements, medical nutrition and sport nutrition. Focused in research, development and manufacturing of nutraceutical products mainly gummies. We take the time to get to know you so we can help you find your perfect product. Nutris is highly experienced and qualified in the food supplement sector, ensuring the highest quality to our customers. We offer a full finished product development service, from the conception of the product idea to market launch. We support you in the main stages of product development. Nutris works very close to the customer at selecting the best choice for each formulation, offering technical and regulatory support with the ingredients that we supply. The main products we supply are: botanical extracts, oils, probiotics, proteins & aminoacids, enzymes, flavours, mushrooms, organics. Nutris is a highly motivated company, whose steps are based on a constant innovating activity and following the most exigent quality procedures in both Food and Pharmaceutical Industries. Nutris’ Team works with the commitment to offer the most innovative and qualified products to our customers. Our clinically proven & patented products constitute the main proof of our innovation engagement. Nutris is certified BRC, IFS, GMP and organic. <!--eventid598:Nutris-->",Global / International,Manufacturer / Supplier: Ingredients,Other Amino acids; Other Botanicals; Other Enzymes,"18may2027 - 18 - may - 2027 - 18-20 May 2027 - Fira Barcelona Gran Via, Av. Joan Carles I, 64, 08908 L'Hospitalet de Llobregat, Barcelona, Spain - Visit us at stand 2D43","C/Marzo 58, 28022, Madrid, ES",contact@ingredientsnetwork.com,+31 20 708 1700,https://www.nutris.es,https://www.ingredientsnetwork.com/nutris-ingredients-comp307543.html,307543
OLVEA Omega Solutions,"OLVEA: Oils for a Healthier Life For nearly a century, OLVEA has been dedicated to providing sustainable and innovative solutions in vegetable and omega-3 fish oils. We offer high-quality oils that provide functional and nutritional benefits for various applications, including food, dietary supplements, animal nutrition, as well as personal care. The complementarity of its two business units, OLVEA Vegetable Oils and OLVEA Omega Solutions, allows the group to provide a wide range of responsibly sourced and traceable ingredients. Thanks to its industrial expertise and strategic facilities, OLVEA ensures full control over its supply chain, from raw material sourcing to the processing and refining of oils. By monitoring every production step, OLVEA supplies traceable and sustainable ingredients. Our product portfolio includes omega-3-rich fish oils such as the industry standard 18/12 or cod liver oil, as well as shea butter and avocado oil, all carefully sourced and processed to meet the highest standards of sustainability and quality. Combining decades of experience with continuous innovation, OLVEA develops tailored solutions that respect both people and the planet. <!--eventid544:OLVEA-->",Global / International,Raw Material Supplier,Algae oil; Avocado oil; Carotenoids,"18may2027 - 18 - may - 2027 - 18-20 May 2027 - Fira Barcelona Gran Via, Av. Joan Carles I, 64, 08908 L'Hospitalet de Llobregat, Barcelona, Spain - Visit us at stand 3D235G","Parc d'activités des Hautes Falaise, 76400, Saint Leonard, FR",info@olvea.com,+31 20 708 1700,https://fr.linkedin.com/company/olvea,https://www.ingredientsnetwork.com/olvea-omega-solutions-comp319452.html,319452
MAYA GELATIN,"As Maya Gelatin Gıda A.Ş., we are proud to carry our deep-rooted knowledge and commitment to quality — gained since 1976 in the leather industry — into a new field. With our modern facility established in Tekirdağ, Turkey, we have embarked on the journey of producing gelatin from bovine hides, aiming to take our place in the global market and expand worldwide. For over half a century, our production approach based on natural and traceable raw materials has made us a trusted name in the leather industry. Today, we reflect this organic connection in our gelatin production — as a symbol of quality, sustainability, and reliable sourcing. At Maya Gelatin, we are committed not only to producing high-quality bovine skin gelatin but also to ensuring full compliance with food safety standards through environmentally friendly, ethical, and transparent production processes. We reflect our environmental awareness in our production area as well, adopting a green building approach in the design of our facility and embracing a responsible, renewable, and eco-conscious production model. Our products are manufactured using raw materials sourced directly from reliable origins, in accordance with international quality standards. As a dynamic company with a strong focus on continuous growth, we aim to become a leading player in the gelatin industry — not only in Turkey but across the globe. Through our dedication to R&D, sustainability, and customer satisfaction, we are shaping the future today. Drawing strength from our heritage, Maya Gelatin Gıda A.Ş. is taking confident steps to become a symbol of trust and quality in the food industry. <!--eventid629:Maya Gelatin-->",Asia; Australia; Eastern Europe; Middle East; North America; Western Europe,Manufacturer: Ingredients / Additives,Collagen - Bovine; Other Proteins - Animal; Powdered,17nov2026 - 17 - nov - 2026 - 17-19 November 2026 - Messe Frankfurt - Visit us at stand 30C8,"MARMARACIK OSB. MAH. KUZEY CAD NO:23/1, 59000, Tekirdag, TR",saadet.karabulut@mayagelatin.com,+31 20 708 1700,https://www.linkedin.com/company/maya-gelatin,https://www.ingredientsnetwork.com/maya-gelatin-comp326957.html,326957
Omya,"Omya is a leading global producer of industrial minerals – mainly derived from calcium carbonate, dolomite and perlite – and a worldwide distributor of specialty ingredients. In the Consumer Goods segment, Omya offers innovative solutions based on high purity natural minerals and complementary ingredients that comply with the most stringent regulatory and quality standards targeting the food, personal care, pharmaceuticals, nutraceuticals, pet care, home care and filtration markets. Founded in 1884 in Switzerland, Omya has a global presence extending to more than 160 locations in over 50 countries with 9,000 employees. Committed to implementing the principles of sustainability at all company levels, Omya provides added value products and services from responsibly sourced materials to meet the essential needs of current and future generations.&nbsp;&nbsp;",Global / International,Manufacturer / Supplier: Ingredients,Anti-caking agents; Calcium carbonate; Minerals,17nov2026 - 17 - nov - 2026 - 17-19 November 2026 - Messe Frankfurt - Visit us at stand 31H10,"(Office Hamburg) Possmoorweg 2, 22301, Hamburg, DE",joanne.huebner@omya.com,+49 40 658 72213,https://www.omya.com,https://www.ingredientsnetwork.com/omya-comp308615.html,308615
BHI Biohealth International GmbH,"BHI Biohealth International GmbH, based in Bavaria/Germany, is one of the leading international contract manufacturers of dietary supplements, medical products, dietetic foods and sports nutrition. Highly motivated employees enable worldwide success through the all-in-one concept - from recipe development of various capsule, tablet and powder products to production, private labelling and logistics. We have more than 20 years of experience in contract manufacturing of food supplements, sports nutrition and weight management products- this should give you the good feeling of cooperating with real experts.&nbsp;Advanced mixing plants, experienced staff and certified processes ensure the precise dosage and the highest food safety levels. It goes without saying that we have comprehensive analytical possibilities and certified laboratories at hand.&nbsp; As standard, we are certified according to FSSC and Organic (BIO). &nbsp;We also apply GMP principles in our production.&nbsp;Our special strength in the field of contract manufacturing is the production of different dry products, hard capsules and tablets. However, we also offer a series of other product variations. We have flexible and high performance equipment at our command, which can be used for example, for producing dry pre-mixes for liquid products.&nbsp;Our contract manufacturing products and services at a glance: powders, hard capsules, tablets, liquids, mixing, packaging, design of packaging.",Asia; Eastern Europe; Middle East; North America; Western Europe,Contract Manufacturer,Dietary supplements; Functional beverages; Functional confectionery,"18may2027 - 18 - may - 2027 - 18-20 May 2027 - Fira Barcelona Gran Via, Av. Joan Carles I, 64, 08908 L'Hospitalet de Llobregat, Barcelona, Spain - Visit us at stand 2F45","Heinrich-Wirth-Strasse13, 95213, Munchberg, DE",i.reichstein@biohealth-int.com,+31 20 708 1700,https://www.facebook.com/biohealth.international,https://www.ingredientsnetwork.com/bhi-biohealth-international-gmbh-comp317474.html,317474
Comercial Quimica Masso S.A.,"Comercial Química Massó distributes chemical specialities for the nutraceutical and food industry – find more information https://www.cqmasso.com/food CQMassó is a family owned company with more than 60 years of experience in different sectors, with a wide commercial network with a presence in more than 16 countries and a team of people expert in providing solutions to all your needs. &nbsp; Green Plants Extracts, whom is part of CQMASSÓ, manufacturers high-quality ingredients that have been scientifically demonstrated to be effective through rigorous research, including our own published studies. – find more information https://greenplantsextracts.com/",Global / International,Distributor,Nutrition ingredient mixture; Dietary supplements,"18may2027 - 18 - may - 2027 - 18-20 May 2027 - Fira Barcelona Gran Via, Av. Joan Carles I, 64, 08908 L'Hospitalet de Llobregat, Barcelona, Spain - Visit us at stand 2K143, 2K202","Viladomat 321, 5ª planta - 08029, 08029, Barcelona, ES",eguardia@cqmasso.com,+34 934952500,https://www.cqm.es,https://www.ingredientsnetwork.com/comercial-quimica-masso-s-a-comp304977.html,304977
BNS - Boston Nutraceutical Science S.L,"&nbsp;Boston Nutraceutical Science (BNS) specializes in nutraceutical and OTC pharmaceutical solutions, backed by more than six decades of manufacturing expertise. We bring strong capabilities in functional gummies and sports nutrition, offering innovative formats and market-ready concepts that help brands stand out across channels. Our approach combines scientific rigor, continuous innovation, and business acumen—empowering brands worldwide to grow safely, sustainably, and uniquely.We are the nutraceutical partner that understands your market.",Asia; Central/South America; Eastern Europe; Middle East; North America; Western Europe,Manufacturer: Finished Food Products,Dietary supplements; Functional confectionery; Functional food,"18may2027 - 18 - may - 2027 - 18-20 May 2027 - Fira Barcelona Gran Via, Av. Joan Carles I, 64, 08908 L'Hospitalet de Llobregat, Barcelona, Spain - Visit us at stand 2F77","PASEO DE LA ESTACION S/N POL IND 1-4 PARC19, 03330, CREVILLENT, ES",info@boston-nutraceutical.com,+31 20 708 1700,https://www.linkedin.com/company/boston-nutraceutical-science/,https://www.ingredientsnetwork.com/bns-boston-nutraceutical-science-s-l-comp307400.html,307400
Balchem Corporation,"At Balchem Human Nutrition and Health, we leverage decades of expertise in market insights, proven science, and product development to create winning health, well-being, and nutrition solutions. With a strong foundation in human nutrition, Balchem enables the development of products that delight consumers and promote cognitive, emotional, and physical well-being. We promote a healthier food chain and bring everyone to the table. We provide the service, quality, and technology that enables our customers to win with their customers and have built a reputation for delivering results for all of our stakeholders. Balchem Human Nutrition and Health products positively impact the lives of countless consumers daily – Walk the path toward living well, with us. Our business leverages decades of expertise in market insights, proven science, and product development to create winning health, well-being, and nutrition solutions. We strive to consistently deliver products and solutions for the food, dietary supplement, and functional food industries. Partner with us and together, we can Make the World a Healthier Place! *Select statements have not been evaluated by Federal Drug Administration. Select products are not intended to diagnose, treat, cure, or prevent any disease. Ingredient users are solely responsible for ensuring the compliance of formulation and labeling (inclusive of claims) with applicable regulations.",Global / International,Manufacturer / Supplier: Ingredients,Dietary supplements; Functional food; Prepared foods,17nov2026 - 17 - nov - 2026 - 17-19 November 2026 - Messe Frankfurt - Visit us at stand 30D68,"Donnerstr. 20, 22763, Hamburg, DE",contact@ingredientsnetwork.com,+31 20 708 1700,https://www.kappabio.com,https://www.ingredientsnetwork.com/balchem-corporation-comp475339.html,475339
Valeo Farma Societa Cooperativa,"Valeo Farma is a herbal company specialized in the production of food supplements and phytotherapeutic products on behalf of third parties. Each project is built together in all its phases and is successfully completed on time and maintaining constantly high quality standards. The coherent use of resources, the search for quality and respect for a landscape made up of harmonies and contrasts, is based on important collaborations with research institutions and university institutes , such as the University of Palermo. Lease is, in particular, the exchange of professionalism who are offered the opportunity to increase their skills within a latest generation laboratory , with staff of the highest quality and preparation. The constant training to which the Technical Management submits the operators and Visitors contributes to guaranteeing that knowledge of the practices is fairly and widely acquired and applied by every actor in company life. Constant exchanges with national and foreign institutions make it possible to increase the technical capital and the curriculum studiorum of the active staff. The constant acquisition of information and data from the best-known databases and scientific journals allow Valeo Farma to update its technical and cultural background on a daily basis in order to keep up with new products and new and improved global practices. We can help you develop it, being there every step of the way up to its final formulation. Alternatively, we can customize one of our standard products for you. The Valeo Farma team is expert in the individual and creative development of innovative and personalized recipes based on your needs. <!--eventid544:Valeo Farma Società Cooperativa--> <!--eventid598:Valeo Farma SpA-->",Global / International,Manufacturer / Supplier: Ingredients,Other Herbs; Palmitoylethanolamide; Dietary supplements,"18may2027 - 18 - may - 2027 - 18-20 May 2027 - Fira Barcelona Gran Via, Av. Joan Carles I, 64, 08908 L'Hospitalet de Llobregat, Barcelona, Spain - Visit us at stand 3F81, 3G82","Contrada Canne Masche Snc Palermo, 90018, termini imerese, IT",contact@ingredientsnetwork.com,+31 20 708 1700,https://www.valeofarma.it/,https://www.ingredientsnetwork.com/valeo-farma-societa-cooperativa-comp309074.html,309074
Kaneka Medical Europe N.V.,"Ubiquinol is the active form of the powerful antioxidant, Coenzyme Q10 (CoQ10), which is found naturally in the body as well as in many natural foods. Ubiquinol is responsible for energy production in each cell of our body and is vital for supporting optimal health and energy levels. As we age, our Ubiquinol levels have been shown to decline. In supplement form, Ubiquinol is the active, antioxidant form of CoQ10 that’s ready for immediate use by the body. Benefits: More easily absorbed into the body compared to standard CoQ10. Powers Your Cells – helps your body’s cells convert energy. Strong antioxidant – helps soak up oxidative stress and free radicals. Support the heart – helps maintain a healthy heart and vascular system. Cholesterol Support – helps maintain healthy LDL (bad) cholesterol levels in healthy people.",Global / International,Manufacturer / Supplier: Ingredients,CoQ10,"18may2027 - 18 - may - 2027 - 18-20 May 2027 - Fira Barcelona Gran Via, Av. Joan Carles I, 64, 08908 L'Hospitalet de Llobregat, Barcelona, Spain - Visit us at stand 3G216","Alma Court lenneke Marelaan 4, 1932, Zaventem, BE",contact@ingredientsnetwork.com,+31 20 708 1700,https://www.kanekaqh.info/,https://www.ingredientsnetwork.com/kaneka-medical-europe-n-v-comp307490.html,307490
LDC - Louis Dreyfus Company,"Louis Dreyfus Company is a leading merchant and processor of agricultural goods, founded in 1851. We leverage our global reach and extensive asset network to serve our customers and consumers around the world, delivering the right products to the right location, at the right time – safely, reliably and responsibly. Our activities span the entire value chain, from farm to fork, across a broad range of business lines (platforms): Coffee, Cotton, Food & Feed Solutions, Freight, Global Markets, Grains & Oilseeds, Juice, Rice, and Sugar. We help feed and clothe some 500 million people every year by originating, processing and transporting approximately 95 million tons of products. Structured as a matrix organization of six geographical regions and ten platforms, Louis Dreyfus Company is active in over 100 countries and employs approximately 17,000 people globally.",Africa; Asia; Australia; Central/South America; Eastern Europe; Middle East; North America; Western Europe,Manufacturer: Ingredients / Additives,Algae oil; Canola oil; Egg replacer,17nov2026 - 17 - nov - 2026 - 17-19 November 2026 - Messe Frankfurt - Visit us at stand 31D90,"29 Rte de L’Aéroport Case postale 236, 1215, GENEVA, CH",global-ingredients@ldc.com,+41 58 688 2700,https://www.facebook.com/LouisDreyfusCompany/,https://www.ingredientsnetwork.com/ldc-louis-dreyfus-company-comp313936.html,313936
Lesaffre,"For centuries, fermentation has been used all over the world: to fight waste, to preserve our food, to give more taste… And for more than 170 years, at Lesaffre, we have been working with passion and expertise on its formidable properties. We strongly believe that fermentation is one of the most promising answers to feed 9 billion people in a safer, healthier and more sustainable way. Our ambition is to be one of the leaders of the movement around fermentation. Today, microorganisms and ingredients constitute a new wide field to explore, to open up, and exciting boundaries to push. Faced with such challenges, we cannot progress alone. It is through our teams’ passion and commitment that we can enhance our partnerships. Everywhere in the world, locally, in our plants, our applied science and research centers, our offices… Our women and men put their energy and enthusiasm into building solid and trusted partnerships to innovate, develop, train and move forward together.",Global / International,Manufacturer: Ingredients / Additives,Yeast & Yeast products,17nov2026 - 17 - nov - 2026 - 17-19 November 2026 - Messe Frankfurt - Visit us at stand 31G46,"103 Rue Jean Jaures, Maison-Alfort, 94700, Maisons-Alfort Cedex, FR",c.ly@biospringer.lesaffre.com,+33(0)1 49 77 18 45,https://www.lesaffre.com/,https://www.ingredientsnetwork.com/lesaffre-comp308116.html,308116
Barentz International B.V.,"At Barentz, we are passionate about delivering better ingredient solutions to the global food & beverage industry. More than a distributor, we act as a trusted partner, combining the best ingredients from world-class suppliers with our technical expertise and tailored application support. With over 2,800+ specialists across 70+ countries and 37 state-of-the-art application labs, we bring global reach and local knowledge to every customer challenge. From customized nutrition and taste systems to regulatory guidance and market insights, our solutions help brands stay ahead of consumer trends and industry standards. By embracing innovation and sustainability, we empower our partners to create products that improve health, taste, and enjoyment for consumers worldwide. Barentz. Always a better solution.",Africa; Asia; Australia; Central/South America; Eastern Europe; Middle East; North America; Western Europe,Distributor,"Egg replacer; Emulsifiers, Stabilisers, Thickeners; Fat replacer",17nov2026 - 17 - nov - 2026 - 17-19 November 2026 - Messe Frankfurt - Visit us at stand 31G80,"Burnhamstraat 8, 2132 GZ, Hoofddorp, NL",communications@barentz.com,+31 (0) 23 567 34 56,https://www.barentz.com,https://www.ingredientsnetwork.com/barentz-international-b-v-comp249911.html,249911
Catalina Food Solutions,"With over 80 years of experience in the food sector, Catalina Food Solutions is a recognized leader in the creation and production of food formulations. Our commitment to quality and innovation has allowed us to build a solid reputation and expand into new markets. We specialize in blending additives, research, and ingredients to offer tailor-made complete preparations for the food industry. Our vision is to adapt and create new products that shape the future of food, placing special emphasis on flavor, aroma, texture, appearance, stability, preservation, performance, healthy eating, food safety, and the environment. We have state-of-the-art laboratories and a team of highly qualified professionals dedicated to studying and analyzing the latest market trends and scientific advances. At Catalina Food Solutions, we believe in integral sustainability and work to ensure food safety and nutrition for all, without compromising the economic, social, and environmental foundations for future generations.",Africa; Asia; Australia; Central/South America; Eastern Europe; Middle East; North America; Western Europe,Manufacturer: Ingredients / Additives,"Antioxidants; Emulsifiers, Stabilisers, Thickeners; Flavour Enhancers",17nov2026 - 17 - nov - 2026 - 17-19 November 2026 - Messe Frankfurt - Visit us at stand 41M11,"Ctra de Mazarron Km-2, Avd. de Mercamurcia, 30120, El Palmar/Murcia, ES",patrick@catalinafoodsolutions.com,+31 20 708 1700,https://www.catalinafoodsolutions.com,https://www.ingredientsnetwork.com/catalina-food-solutions-comp326010.html,326010
PHYTEO LABORATOIRE,"Phytéo Laboratoire, a brand of the Herbarom group, is your global partner for the development and manufacture of your food supplements. &nbsp;Experts in nutraceuticals for over 20 years, we are specialised in liquid and dry galenic forms. Thanks to our knowledge of phytotherapy and natural plant-based ingredients, we can offer solutions tailored to the needs of the market and those of your customers. Our nutrition/health DNA also enables us to offer you our expertise in flavouring of food supplements. We have 3 production sites based in France.",Africa; Asia; Eastern Europe; Middle East; North America; Western Europe,Contract Manufacturer,Other Botanicals; Palmitoylethanolamide; Dietary supplements,"18may2027 - 18 - may - 2027 - 18-20 May 2027 - Fira Barcelona Gran Via, Av. Joan Carles I, 64, 08908 L'Hospitalet de Llobregat, Barcelona, Spain - Visit us at stand 3A133","31 avenue de Lautagne, 26 000, VALENCE, FR",e.brisset@herbarom-groupe.com,+31 20 708 1700,https://www.phyteo-laboratoire.com,https://www.ingredientsnetwork.com/phyteo-laboratoire-comp307560.html,307560
Catalent Pharma Solutions,"Catalent brings over 85 years of expertise in formulation, product development, and commercial supply at scale for products in the over-the-counter, nutritional supplement, and beauty segments. Catalent produces a wide variety of consumer health products and partners with the top industry leaders to produce more than 5,000 products marketed in 70+ countries. With a broad array of consumer-preferred dose forms including softgel, gummy, soft-chew, and fast dissolve tablets, advanced development, manufacturing expertise, and a library of market-ready products, Catalent helps differentiate brands and expedite better products to market. <!--eventid544:Catalent Consumer Health-->",Asia; Australia; Central/South America; Eastern Europe; Middle East; North America; Western Europe,Contract Manufacturer,Dietary supplements; Analysis/ Testing; Blending & mixing,"2sep2026 - 2 - sep - 2026 - 02 - 04 Sept 2026 - Hall 1-3 and Hall 5-7, Queen Sirikit National Convention Center, Bangkok - Visit us at stand H1-B49","200 Crossing Boulevard, 7th Floor, Bridgewater, US",info@catalent.com,+1 8775871835,https://www.facebook.com/CatalentPharmaSolutions,https://www.ingredientsnetwork.com/catalent-pharma-solutions-comp250281.html,250281
"Chemo Iberica, S.A","At Chemo we manufacture and package dietary supplements and OTC medications. Combining all our experience and knowledge with the flexibility and proactivity required for these categories. We have extensive experience in the new product development process, providing support throughout the value chain, from formulation to manufacturing, including stability studies, clinical trials and regulatory support. We have a wide list of formulas ready to launch on the market within a wide range of therapeutic areas. Our facilities are pharmaceutical, which means that our products meet the strictest quality standards required by pharmaceutical production. Our value and competition compared to other companies is the constant improvement and innovation in our activity. Our division has the latest technology on the market and a specialized, dynamic, flexible and motivated team of people. <!--eventid641:Chemo Iberica-->",Global / International,Manufacturer: Finished Beverage Products,Other Microorganisms & Probiotics; Dietary supplements; Capsules,"18may2027 - 18 - may - 2027 - 18-20 May 2027 - Fira Barcelona Gran Via, Av. Joan Carles I, 64, 08908 L'Hospitalet de Llobregat, Barcelona, Spain - Visit us at stand 2D96","el Pombo Angulo, 28 ,4º planta bo Angulo, 28 ,4º planta, 28050, Madrid, ES",mbueno@insudpharma.com,+31 20 708 1700,https://www.chemogroup.com,https://www.ingredientsnetwork.com/chemo-iberica-s-a-comp307414.html,307414
Freemen Nutra Group,"At Freemen Nutra, we empower our people and customers to become more successful by providing high quality nutritional ingredients and solutions. Freemen Nutra is committed to helping our clients in the food and beverage, dietary supplement, personal care and animal nutrition markets bring their innovative ideas to life as a leading raw ingredients distribution company. Our exceptional, ethically-sourced ingredients provide the solutions your brand needs to enhance its products’ performance, taste and nutritional benefits. What We Believe Although we are a modern, global company, we still operate on authentic, time-honored values. Freemen Nutra is built upon: Intelligence: Hands down, we are the experts in the global nutrition market. Our world headquarters in Shanghai allows us to act quickly to give you cutting-edge market intel at a moment’s notice. Integrity: We act purposefully and with integrity to build trusting, close partnerships with all of our customers and suppliers. Transparency: From ingredient formulation to product delivery at your doorstep, our ethically-sourced supply chain is entirely transparent. You know exactly what you’re getting, every step of the way. Customer Service: Each of our customers is assigned a dedicated customer service representative to give you in-depth support whenever you need it. Quality: We hold ourselves accountable for distributing only the highest quality nutritional products. Our Quality Assurance and Quality Control are best-in-class.",Global / International,Manufacturer / Supplier: Ingredients,Nutrition ingredient mixture; Dietary supplements; Pet Dietary Supplements,17nov2026 - 17 - nov - 2026 - 17-19 November 2026 - Messe Frankfurt - Visit us at stand 31H70,"Lange Kleiweg 52H, 2288GK, Rijswijk, NL",contact@ingredientsnetwork.com,+31-85-4854488,https://www.shanghaifreemen.com,https://www.ingredientsnetwork.com/freemen-nutra-group-comp318541.html,318541
HTC Health,"Global leader in health and wellbeing supplements. For VMS products supplied in bulk, to private labelling services and bespoke innovations. We’ve been relied upon for over 40 years, to develop and supply the finest quality and most innovative products in the VMS sector. That length of time is important, because the size, scale and success of HTC Health doesn’t happen overnight. And it means with our experience and capabilities we are the global leader in health and wellbeing, for products supplied in bulk, to private labelling services and bespoke innovations. We are proud to be experts in innovation, leading the way as the industry moves forward. Backed by EU & UK warehousing, a global supply chain, and in-house NPD, our team is set up to support you with all of your VMS requirements.",Asia; Eastern Europe; Middle East; North America; Western Europe,Distributor,Collagen - Fish & Shellfish; Egg protein; Other Algae,"18may2027 - 18 - may - 2027 - 18-20 May 2027 - Fira Barcelona Gran Via, Av. Joan Carles I, 64, 08908 L'Hospitalet de Llobregat, Barcelona, Spain - Visit us at stand 2A79","Fairoak 43, Fairoak Lane,, WA7 3DU, Runcorn, GB",info@htc.co.uk,+31 20 708 1700,https://exhibitors.vitafoods.eu.com/vfe27/,https://www.ingredientsnetwork.com/htc-health-comp309046.html,309046
VIVATIS Pharma,"Vivatis – helping our partners succeed in the API, intermediates, nutraceuticals and functional food sectors. Vivatis is an independent full-service provider for manufacturers, marketing authorisation holders, distributors and brand owners in the areas of pharmaceuticals (generics and product synthesis), cosmetics, nutraceuticals, food (including luxury and functional food), sports nutrition and detergent sectors. Our staff is committed to the Vivatis motto ""From Molecules to Finished Products"". This principle is reflected in the broadness of our portfolio, which includes identifying and qualifying sources of innovative ingredients right around the world (though primarily in the Asian market) and supplying active pharmaceutical ingredients (APIs), intermediates, finished formulations, nutraceutical ingredients, flavours, fragrances and food additives. Vivatis also offers a wide range of standard packaging solutions for pharmaceutical and cosmetics manufacturers, including dispensers and spray pumps, as well as custom solutions. There’s increasing demand, especially from chemicals companies, not just for starting materials but also advanced intermediates. Vivatis is able to integrate closely with clients’ value chains and supply pharmaceutical products at any stage of production. The same applies to the nutraceuticals sector, a market where companies are constantly looking for new product strategies. Vivatis offers everything that nutraceutical and functional food manufacturers and brand owners need, from product ideas to identifying new ingredients to qualifying suppliers to providing finished private-label products. Flavours, fragrances and additives are needed for the manufacture of many products, and this is reflected in the broad range of the department serving this sector. Vivatis owes its success in large part to the global supplier network that it has built up, which allows our clients to reliably procure products in the necessary quality and quantity and at fair conditions. Our employees work in a fast, transparent way, with expert industry knowledge and a focus on cost efficiency. Clients of all Vivatis divisions will enjoy a truly exceptional level of service and a strong, trusting partnership. Our clients range in size from small specialist manufacturers to mid-sized businesses to large corporations, some of who work with Vivatis to implement second-source strategies. <!--eventid544:Vivatis Pharma GmbH--> <!--eventid598:Vivatis Pharma-->",Global / International,Manufacturer / Supplier: Ingredients,Other Flavourings; Functional food,"18may2027 - 18 - may - 2027 - 18-20 May 2027 - Fira Barcelona Gran Via, Av. Joan Carles I, 64, 08908 L'Hospitalet de Llobregat, Barcelona, Spain - Visit us at stand 2F176, 2F177","Grüner Deich 1-3, 20097, Hamburg, DE",contact@ingredientsnetwork.com,+31 20 708 1700,https://vivatis.de/,https://www.ingredientsnetwork.com/vivatis-pharma-comp307629.html,307629
IMA S.p.A.,"Established in 1961, IMA is world leader in the design and manufacture of automatic machines for the processing and packaging of pharmaceuticals, cosmetics, food, tea and coffee. IMA’s mission is to invest in technologies that will improve the quality of life on the planet, reduce food waste, increase access to more effective drugs and allow greater respect for the environment. IMA is in the heart of the Packaging Valley, the advanced mechanics and industrial automation cluster in Emilia-Romagna, Italy, and its philosophy is based on research and innovation. Since 1961, for more than 50 years the company has produced hi-tech automatic machines for the processing and packaging of pharmaceuticals, cosmetics, food, tea and coffee Its position of leadership is the result of significant investment in R&D, regular and constructive dialogue with the end users in its sectors and the Group’s ability to expand internationally, conquering new markets.",Global / International,Manufacturer / Supplier: Ingredients,Coffee; Green tea,"18may2027 - 18 - may - 2027 - 18-20 May 2027 - Fira Barcelona Gran Via, Av. Joan Carles I, 64, 08908 L'Hospitalet de Llobregat, Barcelona, Spain - Visit us at stand 3G109","Via Emilia 428-442 Bologna, 40064, Ozzano Dell'emilia, IT",contact@ingredientsnetwork.com,+31 20 708 1700,https://www.ima.it,https://www.ingredientsnetwork.com/ima-s-p-a-comp307478.html,307478
Magtein,"Magtein® is a breakthrough magnesium compound developed to support brain health, memory, focus, and cognitive longevity. Backed by over a decade of scientific research and an extensive patent portfolio, Magtein® effectively crosses the blood-brain barrier to raise magnesium levels in the brain. This patented ingredient holds the highest standards of quality, safety, and efficacy and has established global commercial success. &nbsp; &nbsp; <!--eventid598:Threotech LLC – Magtein-->",Asia; Australia; Central/South America; Eastern Europe; Middle East; North America; Western Europe,Manufacturer: Ingredients / Additives,Magnesium; Dietary supplements; Functional beverages,17nov2026 - 17 - nov - 2026 - 17-19 November 2026 - Messe Frankfurt - Visit us at stand 30G14,"19535 E Walnut Dr South, 91748, City of Industry, US",hello@threotech.com,+31 20 708 1700,https://www.linkedin.com/company/magtein/posts/?feedView=all,https://www.ingredientsnetwork.com/magtein-comp319339.html,319339
Inalpi spa,"The INALPI supply chain is a short supply chain of people who share the same values as Inalpi and are proud of their work and our products. The aim is a final result of high quality, also from the point of view of safety and respect for workers and the environment. In order to guarantee widespread control and quality that exceeds normal standards, Inalpi Spa began several years ago a project to create a controlled fresh milk supply chain and signed a supply chain protocol.. Over the years, the project has taken shape with the definition of a technical protocol that requires the farmer to respect: animal housing and welfare sanitary management and animal health milk production and storage hygiene and milking milk quality animal nutrition environment and energy The compliance with all these points is 100% verified by appointed technicians who conduct audits directly in the barn.",Global / International,Manufacturer / Supplier: Ingredients,Dairy,17nov2026 - 17 - nov - 2026 - 17-19 November 2026 - Messe Frankfurt - Visit us at stand 51B8,"Via Cuneo 38, 12033, Moretta, IT",gabriella.bollino@inalpi.it,+39 3480440618,https://INALPI.it,https://www.ingredientsnetwork.com/inalpi-spa-comp284361.html,284361
Caldic,"""Because we care"", we touch the lives of hundreds of thousands of people every day. We inspire innovative and sustainable distribution solutions in life and material sciences for the food, pharma, personal care and industrial product formulation markets of the world. Our solutions, carefully sourced and customized to specifications whenever required, are backed by outstanding research & development, customer service, and technical & regulatory support, ensuring that they meet precisely determined needs at every stage of the value chain. Across 43 countries in Europe, Latin America, North America and Asia-Pacific, our approximately 3,500 employees go the extra mile day in, day out, to deliver added-value solutions for our customers. In our activities, we embrace the principles of sustainability, designing products, services and processes with these in mind. From formulation to delivery, from ingredient to packing, from supplier to customer, we care about every detail of what we do. Because every detail is in our care. &nbsp;For more information, please visit www.caldic.com",Asia; Australia; Central/South America; North America; Western Europe,Distributor,Acacia gum; Additives incl. Flavourings & Colours; Agar,17nov2026 - 17 - nov - 2026 - 17-19 November 2026 - Messe Frankfurt - Visit us at stand 41K6,"Weena 800, 3014 DA, Rotterdam, NL",info@caldic.nl,+31 (0)10 711 7258,https://www.caldic.com,https://www.ingredientsnetwork.com/caldic-comp251479.html,251479
